{
  "DbscenariosAccountData" : {
    "_id" : "wm-DbscenariosAccountData-wm.LiveVariable-1735030743232",
    "name" : "DbscenariosAccountData",
    "owner" : "Page",
    "category" : "wm.LiveVariable",
    "dataBinding" : [ ],
    "operation" : "read",
    "dataSet" : [ ],
    "type" : "Account",
    "isList" : true,
    "saveInPhonegap" : false,
    "maxResults" : 2,
    "designMaxResults" : 10,
    "inFlightBehavior" : "executeLast",
    "startUpdate" : true,
    "autoUpdate" : true,
    "transformationRequired" : false,
    "liveSource" : "dbscenarios",
    "ignoreCase" : true,
    "matchMode" : "startignorecase",
    "orderBy" : "acctNum asc",
    "propertiesMap" : {
      "columns" : [ {
        "fieldName" : "acctNum",
        "type" : "integer",
        "fullyQualifiedType" : "integer",
        "columnName" : "acct_num",
        "isPrimaryKey" : true,
        "notNull" : true,
        "length" : 0,
        "precision" : 10,
        "generator" : "assigned",
        "isRelated" : false,
        "scale" : 0
      }, {
        "fieldName" : "amount",
        "type" : "double",
        "fullyQualifiedType" : "double",
        "columnName" : "amount",
        "isPrimaryKey" : false,
        "notNull" : false,
        "length" : 0,
        "precision" : 10,
        "generator" : "assigned",
        "isRelated" : false,
        "scale" : 2
      }, {
        "fieldName" : "column3",
        "type" : "blob",
        "fullyQualifiedType" : "blob",
        "columnName" : "COLUMN3",
        "isPrimaryKey" : false,
        "notNull" : false,
        "length" : -1,
        "precision" : 0,
        "generator" : "assigned",
        "isRelated" : false,
        "scale" : 0
      } ],
      "entityName" : "Account",
      "fullyQualifiedName" : "com.widgetslocalization.dbscenarios.Account",
      "tableType" : "TABLE",
      "primaryFields" : [ "acctNum" ]
    },
    "isDefault" : true,
    "bindCount" : 1,
    "tableName" : "account",
    "tableType" : "TABLE",
    "properties" : [ ],
    "relatedTables" : [ ],
    "filterFields" : { },
    "filterExpressions" : { },
    "package" : "com.widgetslocalization.dbscenarios.Account"
  },
  "DbscenariosAllTypesData" : {
    "_id" : "wm-DbscenariosAllTypesData-wm.LiveVariable-1735030684181",
    "name" : "DbscenariosAllTypesData",
    "owner" : "Page",
    "category" : "wm.LiveVariable",
    "dataBinding" : [ ],
    "operation" : "read",
    "dataSet" : [ ],
    "type" : "AllTypes",
    "isList" : true,
    "saveInPhonegap" : false,
    "maxResults" : 3,
    "designMaxResults" : 10,
    "inFlightBehavior" : "executeLast",
    "startUpdate" : true,
    "autoUpdate" : true,
    "transformationRequired" : false,
    "liveSource" : "dbscenarios",
    "ignoreCase" : true,
    "matchMode" : "startignorecase",
    "orderBy" : "pkId asc",
    "propertiesMap" : {
      "columns" : [ {
        "fieldName" : "pkId",
        "type" : "integer",
        "fullyQualifiedType" : "integer",
        "columnName" : "PK ID",
        "isPrimaryKey" : true,
        "notNull" : true,
        "length" : 0,
        "precision" : 10,
        "generator" : "identity",
        "isRelated" : false,
        "scale" : 0
      }, {
        "fieldName" : "byteCol",
        "type" : "short",
        "fullyQualifiedType" : "short",
        "columnName" : "BYTE COL",
        "isPrimaryKey" : false,
        "notNull" : false,
        "length" : 0,
        "precision" : 5,
        "generator" : "assigned",
        "isRelated" : false,
        "scale" : 0
      }, {
        "fieldName" : "shortCol",
        "type" : "short",
        "fullyQualifiedType" : "short",
        "columnName" : "SHORT COL",
        "isPrimaryKey" : false,
        "notNull" : false,
        "length" : 0,
        "precision" : 5,
        "generator" : "assigned",
        "isRelated" : false,
        "scale" : 0
      }, {
        "fieldName" : "intCol",
        "type" : "integer",
        "fullyQualifiedType" : "integer",
        "columnName" : "INT COL",
        "isPrimaryKey" : false,
        "notNull" : false,
        "length" : 0,
        "precision" : 10,
        "generator" : "assigned",
        "isRelated" : false,
        "scale" : 0
      }, {
        "fieldName" : "longCol",
        "type" : "long",
        "fullyQualifiedType" : "long",
        "columnName" : "LONG COL",
        "isPrimaryKey" : false,
        "notNull" : false,
        "length" : 0,
        "precision" : 19,
        "generator" : "assigned",
        "isRelated" : false,
        "scale" : 0
      }, {
        "fieldName" : "floatCol",
        "type" : "double",
        "fullyQualifiedType" : "double",
        "columnName" : "FLOAT COL",
        "isPrimaryKey" : false,
        "notNull" : false,
        "length" : 0,
        "precision" : 8,
        "generator" : "assigned",
        "isRelated" : false,
        "scale" : 4
      }, {
        "fieldName" : "doubleCol",
        "type" : "big_decimal",
        "fullyQualifiedType" : "big_decimal",
        "columnName" : "DOUBLE COL",
        "isPrimaryKey" : false,
        "notNull" : false,
        "length" : 0,
        "precision" : 18,
        "generator" : "assigned",
        "isRelated" : false,
        "scale" : 8
      }, {
        "fieldName" : "bigdecCol",
        "type" : "big_decimal",
        "fullyQualifiedType" : "big_decimal",
        "columnName" : "BIGDEC COL",
        "isPrimaryKey" : false,
        "notNull" : false,
        "length" : 0,
        "precision" : 35,
        "generator" : "assigned",
        "isRelated" : false,
        "scale" : 15
      }, {
        "fieldName" : "bigintCol",
        "type" : "long",
        "fullyQualifiedType" : "long",
        "columnName" : "BIGINT COL",
        "isPrimaryKey" : false,
        "notNull" : false,
        "length" : 0,
        "precision" : 19,
        "generator" : "assigned",
        "isRelated" : false,
        "scale" : 0
      }, {
        "fieldName" : "charCol",
        "type" : "string",
        "fullyQualifiedType" : "string",
        "columnName" : "CHAR COL",
        "isPrimaryKey" : false,
        "notNull" : false,
        "length" : 1,
        "precision" : 0,
        "generator" : "assigned",
        "isRelated" : false,
        "scale" : 0
      }, {
        "fieldName" : "stringCol",
        "type" : "string",
        "fullyQualifiedType" : "string",
        "columnName" : "STRING COL",
        "isPrimaryKey" : false,
        "notNull" : false,
        "length" : 255,
        "precision" : 0,
        "generator" : "assigned",
        "isRelated" : false,
        "scale" : 0
      }, {
        "fieldName" : "textCol",
        "type" : "text",
        "fullyQualifiedType" : "text",
        "columnName" : "TEXT COL",
        "isPrimaryKey" : false,
        "notNull" : false,
        "length" : 2147483647,
        "precision" : 0,
        "generator" : "assigned",
        "isRelated" : false,
        "scale" : 0
      }, {
        "fieldName" : "clobCol",
        "type" : "text",
        "fullyQualifiedType" : "text",
        "columnName" : "CLOB COL",
        "isPrimaryKey" : false,
        "notNull" : false,
        "length" : 2147483647,
        "precision" : 0,
        "generator" : "assigned",
        "isRelated" : false,
        "scale" : 0
      }, {
        "fieldName" : "dateCol",
        "type" : "date",
        "fullyQualifiedType" : "date",
        "columnName" : "DATE COL",
        "isPrimaryKey" : false,
        "notNull" : false,
        "length" : 0,
        "precision" : 0,
        "generator" : "assigned",
        "isRelated" : false,
        "scale" : 0
      }, {
        "fieldName" : "timeCol",
        "type" : "time",
        "fullyQualifiedType" : "time",
        "columnName" : "TIME COL",
        "isPrimaryKey" : false,
        "notNull" : false,
        "length" : 0,
        "precision" : 0,
        "generator" : "assigned",
        "isRelated" : false,
        "scale" : 0
      }, {
        "fieldName" : "datetimeCol",
        "type" : "datetime",
        "fullyQualifiedType" : "datetime",
        "columnName" : "DATETIME COL",
        "isPrimaryKey" : false,
        "notNull" : false,
        "length" : 0,
        "precision" : 0,
        "generator" : "assigned",
        "isRelated" : false,
        "scale" : 0
      }, {
        "fieldName" : "timestampCol",
        "type" : "timestamp",
        "fullyQualifiedType" : "timestamp",
        "columnName" : "TIMESTAMP COL",
        "isPrimaryKey" : false,
        "notNull" : true,
        "length" : 0,
        "precision" : 0,
        "generator" : "assigned",
        "isRelated" : false,
        "scale" : 0
      }, {
        "fieldName" : "booleanCol",
        "type" : "boolean",
        "fullyQualifiedType" : "boolean",
        "columnName" : "BOOLEAN COL",
        "isPrimaryKey" : false,
        "notNull" : false,
        "length" : 0,
        "precision" : 1,
        "generator" : "assigned",
        "isRelated" : false,
        "scale" : 0
      }, {
        "fieldName" : "blobCol",
        "type" : "blob",
        "fullyQualifiedType" : "blob",
        "columnName" : "BLOB COL",
        "isPrimaryKey" : false,
        "notNull" : false,
        "length" : -1,
        "precision" : 0,
        "generator" : "assigned",
        "isRelated" : false,
        "scale" : 0
      } ],
      "entityName" : "AllTypes",
      "fullyQualifiedName" : "com.widgetslocalization.dbscenarios.AllTypes",
      "tableType" : "TABLE",
      "primaryFields" : [ "pkId" ]
    },
    "isDefault" : true,
    "bindCount" : 1,
    "tableName" : "ALL TYPES",
    "tableType" : "TABLE",
    "properties" : [ ],
    "relatedTables" : [ ],
    "filterFields" : { },
    "filterExpressions" : { },
    "package" : "com.widgetslocalization.dbscenarios.AllTypes"
  }
}
