{
  "HrdbCreateDepartment" : {
    "_id" : "wm-HrdbCreateDepartment-wm.ServiceVariable-1740987048268",
    "name" : "HrdbCreateDepartment",
    "owner" : "Page",
    "category" : "wm.ServiceVariable",
    "dataBinding" : [ ],
    "type" : "com.widgetslocalization.hrdb.Department",
    "service" : "hrdb",
    "operation" : "createDepartment",
    "operationId" : "DepartmentController_createDepartment",
    "operationType" : "post",
    "serviceType" : "DataService",
    "dataSet" : [ ],
    "isList" : false,
    "maxResults" : 20,
    "startUpdate" : false,
    "autoUpdate" : true,
    "inFlightBehavior" : "executeLast",
    "transformationRequired" : false,
    "saveInPhonegap" : false,
    "isDefault" : true,
    "controller" : "Department"
  }
}
