{
  "NoDataChartDataset" : {
    "name" : "NoDataChartDataset",
    "description" : "NoDataChartDataset",
    "version" : "V2",
    "queryString" : "SELECT * FROM DEPARTMENT WHERE DEPT_ID =:deptId",
    "countQueryString" : "select count(*) from (SELECT * FROM DEPARTMENT WHERE DEPT_ID =:deptId) wmTempTable",
    "offlineQueryString" : null,
    "nativeSql" : true,
    "fetchCount" : true,
    "type" : "SELECT",
    "parameters" : [ {
      "name" : "deptId",
      "type" : "integer",
      "list" : false,
      "variableType" : "PROMPT",
      "variableName" : "",
      "testValue" : "5",
      "required" : true
    } ],
    "request" : {
      "wrapped" : false,
      "typeRef" : null,
      "method" : "GET"
    },
    "identifiers" : [ ],
    "response" : {
      "typeRef" : "com.widgetslocalization.hrdb.models.query.NoDataChartDatasetResponse",
      "returns" : "CUSTOM",
      "responseType" : "PAGINATED",
      "properties" : [ {
        "name" : "DEPT_ID",
        "fieldName" : "deptId",
        "optional" : false,
        "fieldType" : {
          "type" : "PRIMITIVE",
          "typeRef" : "java.math.BigInteger",
          "list" : false
        }
      }, {
        "name" : "NAME",
        "fieldName" : "name",
        "optional" : false,
        "fieldType" : {
          "type" : "PRIMITIVE",
          "typeRef" : "java.lang.String",
          "list" : false
        }
      }, {
        "name" : "BUDGET",
        "fieldName" : "budget",
        "optional" : false,
        "fieldType" : {
          "type" : "PRIMITIVE",
          "typeRef" : "java.math.BigInteger",
          "list" : false
        }
      }, {
        "name" : "Q1",
        "fieldName" : "q1",
        "optional" : false,
        "fieldType" : {
          "type" : "PRIMITIVE",
          "typeRef" : "java.math.BigInteger",
          "list" : false
        }
      }, {
        "name" : "Q2",
        "fieldName" : "q2",
        "optional" : false,
        "fieldType" : {
          "type" : "PRIMITIVE",
          "typeRef" : "java.math.BigInteger",
          "list" : false
        }
      }, {
        "name" : "Q3",
        "fieldName" : "q3",
        "optional" : false,
        "fieldType" : {
          "type" : "PRIMITIVE",
          "typeRef" : "java.math.BigInteger",
          "list" : false
        }
      }, {
        "name" : "Q4",
        "fieldName" : "q4",
        "optional" : false,
        "fieldType" : {
          "type" : "PRIMITIVE",
          "typeRef" : "java.math.BigInteger",
          "list" : false
        }
      }, {
        "name" : "DEPT_CODE",
        "fieldName" : "deptCode",
        "optional" : false,
        "fieldType" : {
          "type" : "PRIMITIVE",
          "typeRef" : "java.lang.String",
          "list" : false
        }
      }, {
        "name" : "LOCATION",
        "fieldName" : "location",
        "optional" : false,
        "fieldType" : {
          "type" : "PRIMITIVE",
          "typeRef" : "java.lang.String",
          "list" : false
        }
      }, {
        "name" : "TENANT_ID",
        "fieldName" : "tenantId",
        "optional" : false,
        "fieldType" : {
          "type" : "PRIMITIVE",
          "typeRef" : "java.math.BigInteger",
          "list" : false
        }
      } ]
    }
  }
}
