{
  "enforceSecurity" : false,
  "loginConfig" : {
    "type" : "PAGE",
    "pageName" : "Login",
    "cookieMaxAge" : 2,
    "cookiePath" : "",
    "cookieBase64Encode" : true,
    "jvmRoute" : "",
    "sameSite" : "",
    "sessionTimeout" : {
      "type" : "DIALOG",
      "pageName" : null,
      "timeoutValue" : 3
    },
    "sessionConcurrencyConfig" : {
      "maxSessionsAllowed" : 1
    }
  },
  "rememberMeConfig" : {
    "enabled" : true,
    "tokenValiditySeconds" : 1296000
  },
  "tokenAuthConfig" : {
    "enabled" : true,
    "parameter" : "WM_AUTH_TOKEN",
    "tokenValiditySeconds" : 1800
  },
  "csrfConfig" : {
    "enforceCsrfSecurity" : true,
    "headerName" : "X-WM-XSRF-TOKEN",
    "cookieName" : "wm_xsrf_token"
  },
  "sessionPersistenceConfig" : {
    "enabledType" : "IN_MEMORY",
    "config" : {
      "REDIS" : {
        "hostName" : "",
        "port" : "",
        "database" : "0",
        "password" : "7b6a43524a78700d662158",
        "type" : "REDIS"
      },
      "JDBC" : {
        "serviceName" : "",
        "type" : "JDBC"
      },
      "MONGODB" : {
        "host" : "",
        "port" : "",
        "dbname" : "",
        "username" : "",
        "password" : "7b6a43524a78700d662158",
        "type" : "MONGODB"
      }
    }
  },
  "authProviders" : [ {
    "enabled" : true,
    "users" : [ {
      "userid" : "admin",
      "password" : "admin",
      "roles" : [ "admin" ]
    }, {
      "userid" : "user",
      "password" : "user",
      "roles" : [ "user" ]
    } ],
    "type" : "DEMO",
    "providerId" : null,
    "roleMappingConfig" : null
  } ],
  "activeAuthProviderTypes" : null
}
