{
  "username" : "wmqa",
  "password" : "7b6a43524a142c594b686a655954347c4236317071523e",
  "url" : "jdbc:mariadb://3.132.7.139:3306/dbscenarios?useUnicode=yes&characterEncoding=UTF-8&zeroDateTimeBehavior=convertToNull&allowPublicKeyRetrieval=true",
  "driverClass" : "org.mariadb.jdbc.Driver",
  "dialect" : "com.wavemaker.runtime.data.dialect.MySQLDialect",
  "serviceId" : "dbscenarios",
  "packageName" : "com.widgetslocalization.dbscenarios",
  "dbType" : "MySQL",
  "host" : "3.132.7.139",
  "dbName" : "dbscenarios",
  "port" : "3306",
  "schemaName" : null,
  "tableFilter" : [ {
    "table" : "account",
    "schema" : null
  }, {
    "table" : "ALL EXTERNAL TYPES",
    "schema" : null
  }, {
    "table" : "ALL TYPES",
    "schema" : null
  }, {
    "table" : "DATE_TABLE",
    "schema" : null
  }, {
    "table" : "DATETIME_TABLE",
    "schema" : null
  } ],
  "schemaFilter" : [ ],
  "impersonateUser" : false,
  "activeDirectoryDomain" : null,
  "hbm2ddl" : "none",
  "maxPageSize" : 100,
  "minPoolSize" : 2,
  "maxPoolSize" : 4,
  "transactionTimeout" : 30,
  "dataSourceType" : "WM_MANAGED_DATASOURCE",
  "jndiName" : "",
  "reloadInfo" : {
    "reload" : false,
    "reason" : null,
    "message" : null,
    "reImport" : false
  },
  "readOnly" : true,
  "metadataDialect" : ""
}
