{
  "FileServiceDeleteFile" : {
    "_id" : "wm-FileServiceDeleteFile-wm.ServiceVariable-1745401728952",
    "name" : "FileServiceDeleteFile",
    "owner" : "Page",
    "category" : "wm.ServiceVariable",
    "dataBinding" : [ ],
    "type" : "boolean",
    "service" : "FileService",
    "operation" : "deleteFile",
    "operationId" : "FileController_deleteFile",
    "serviceType" : "JavaService",
    "dataSet" : [ ],
    "isList" : false,
    "maxResults" : 20,
    "startUpdate" : false,
    "autoUpdate" : false,
    "inFlightBehavior" : "executeLast",
    "transformationRequired" : false,
    "saveInPhonegap" : false,
    "isDefault" : true,
    "controller" : "File"
  },
  "FileServiceDeleteFile1" : {
    "_id" : "wm-FileServiceDeleteFile1-wm.ServiceVariable-1745403153406",
    "name" : "FileServiceDeleteFile1",
    "owner" : "Page",
    "category" : "wm.ServiceVariable",
    "dataBinding" : [ ],
    "type" : "boolean",
    "service" : "FileService",
    "operation" : "deleteFile",
    "operationId" : "FileController_deleteFile",
    "serviceType" : "JavaService",
    "dataSet" : [ ],
    "isList" : false,
    "maxResults" : 20,
    "startUpdate" : false,
    "autoUpdate" : false,
    "inFlightBehavior" : "executeLast",
    "transformationRequired" : false,
    "saveInPhonegap" : false,
    "isDefault" : true,
    "controller" : "File"
  },
  "FileServiceDeleteFile2" : {
    "_id" : "wm-FileServiceDeleteFile2-wm.ServiceVariable-1745403344134",
    "name" : "FileServiceDeleteFile2",
    "owner" : "Page",
    "category" : "wm.ServiceVariable",
    "dataBinding" : [ ],
    "type" : "boolean",
    "service" : "FileService",
    "operation" : "deleteFile",
    "operationId" : "FileController_deleteFile",
    "serviceType" : "JavaService",
    "dataSet" : [ ],
    "isList" : false,
    "maxResults" : 20,
    "startUpdate" : false,
    "autoUpdate" : false,
    "inFlightBehavior" : "executeLast",
    "transformationRequired" : false,
    "saveInPhonegap" : false,
    "isDefault" : true,
    "controller" : "File"
  },
  "FileServiceUploadFile" : {
    "_id" : "wm-FileServiceUploadFile-wm.ServiceVariable-1745401728952",
    "name" : "FileServiceUploadFile",
    "owner" : "Page",
    "category" : "wm.ServiceVariable",
    "dataBinding" : [ {
      "target" : "files",
      "value" : "bind:Widgets.fileupload1.selectedFiles",
      "type" : "java.lang.String"
    } ],
    "type" : "com.widgetslocalization.fileservice.FileUploadResponse",
    "service" : "FileService",
    "operation" : "uploadFile",
    "operationId" : "FileController_uploadFile",
    "serviceType" : "JavaService",
    "dataSet" : [ ],
    "isList" : false,
    "maxResults" : 20,
    "startUpdate" : false,
    "autoUpdate" : false,
    "inFlightBehavior" : "executeLast",
    "transformationRequired" : false,
    "saveInPhonegap" : false,
    "isDefault" : true,
    "controller" : "File"
  },
  "FileServiceUploadFile1" : {
    "_id" : "wm-FileServiceUploadFile1-wm.ServiceVariable-1745403153405",
    "name" : "FileServiceUploadFile1",
    "owner" : "Page",
    "category" : "wm.ServiceVariable",
    "dataBinding" : [ {
      "target" : "files",
      "value" : "bind:Widgets.fileupload2.selectedFiles",
      "type" : "java.lang.String"
    } ],
    "type" : "com.widgetslocalization.fileservice.FileUploadResponse",
    "service" : "FileService",
    "operation" : "uploadFile",
    "operationId" : "FileController_uploadFile",
    "serviceType" : "JavaService",
    "dataSet" : [ ],
    "isList" : false,
    "maxResults" : 20,
    "startUpdate" : false,
    "autoUpdate" : false,
    "inFlightBehavior" : "executeLast",
    "transformationRequired" : false,
    "saveInPhonegap" : false,
    "isDefault" : true,
    "controller" : "File"
  },
  "FileServiceUploadFile2" : {
    "_id" : "wm-FileServiceUploadFile2-wm.ServiceVariable-1745403344133",
    "name" : "FileServiceUploadFile2",
    "owner" : "Page",
    "category" : "wm.ServiceVariable",
    "dataBinding" : [ {
      "target" : "files",
      "value" : "bind:Widgets.fileupload3.selectedFiles",
      "type" : "java.lang.String"
    } ],
    "type" : "com.widgetslocalization.fileservice.FileUploadResponse",
    "service" : "FileService",
    "operation" : "uploadFile",
    "operationId" : "FileController_uploadFile",
    "serviceType" : "JavaService",
    "dataSet" : [ ],
    "isList" : false,
    "maxResults" : 20,
    "startUpdate" : false,
    "autoUpdate" : false,
    "inFlightBehavior" : "executeLast",
    "transformationRequired" : false,
    "saveInPhonegap" : false,
    "isDefault" : true,
    "controller" : "File"
  }
}
