{
  "AlertActionCheck" : {
    "_id" : "wm-AlertActionCheck-wm.NotificationVariable-1734584373266",
    "name" : "AlertActionCheck",
    "owner" : "App",
    "category" : "wm.NotificationVariable",
    "dataBinding" : [ {
      "target" : "text",
      "value" : "bind:appLocale.A_AlertNotification",
      "type" : "string"
    }, {
      "target" : "title",
      "value" : "bind:appLocale.A_AlertNotification",
      "type" : "string"
    }, {
      "target" : "okButtonText",
      "value" : "bind:appLocale.LABEL_OK",
      "type" : "string"
    }, {
      "target" : "alerttype",
      "value" : "bind:appLocale.A_ActionTypes",
      "type" : "string"
    } ],
    "operation" : "alert",
    "text" : "bind:appLocale.A_AlertNotification",
    "okButtonText" : "bind:appLocale.LABEL_OK"
  },
  "AlertError" : {
    "_id" : "wm-Alerterror-wm.NotificationVariable-1734333265486",
    "name" : "AlertError",
    "owner" : "App",
    "category" : "wm.NotificationVariable",
    "dataBinding" : [ {
      "target" : "text",
      "value" : "bind:appLocale.A_AlertNotification",
      "type" : "string"
    }, {
      "target" : "title",
      "value" : "bind:appLocale.A_AlertNotification",
      "type" : "string"
    }, {
      "target" : "okButtonText",
      "value" : "bind:appLocale.LABEL_OK",
      "type" : "string"
    }, {
      "target" : "alerttype",
      "value" : "error",
      "type" : "string"
    } ],
    "operation" : "alert"
  },
  "AlertInfo" : {
    "_id" : "wm-AlertInfo-wm.NotificationVariable-1734333213095",
    "name" : "AlertInfo",
    "owner" : "App",
    "category" : "wm.NotificationVariable",
    "dataBinding" : [ {
      "target" : "text",
      "value" : "bind:appLocale.A_AlertNotification",
      "type" : "string"
    }, {
      "target" : "title",
      "value" : "bind:appLocale.A_AlertNotification",
      "type" : "string"
    }, {
      "target" : "okButtonText",
      "value" : "bind:appLocale.LABEL_OK",
      "type" : "string"
    }, {
      "target" : "alerttype",
      "value" : "information",
      "type" : "string"
    } ],
    "operation" : "alert"
  },
  "AlertSuccess" : {
    "_id" : "wm-AlertSuccess-wm.NotificationVariable-1734333240207",
    "name" : "AlertSuccess",
    "owner" : "App",
    "category" : "wm.NotificationVariable",
    "dataBinding" : [ {
      "target" : "text",
      "value" : "bind:appLocale.A_AlertNotification",
      "type" : "string"
    }, {
      "target" : "title",
      "value" : "bind:appLocale.A_AlertNotification",
      "type" : "string"
    }, {
      "target" : "okButtonText",
      "value" : "bind:appLocale.LABEL_OK",
      "type" : "string"
    }, {
      "target" : "alerttype",
      "value" : "success",
      "type" : "string"
    } ],
    "operation" : "alert"
  },
  "AlertWarning" : {
    "_id" : "wm-AlertWarning-wm.NotificationVariable-1734333288077",
    "name" : "AlertWarning",
    "owner" : "App",
    "category" : "wm.NotificationVariable",
    "dataBinding" : [ {
      "target" : "text",
      "value" : "bind:appLocale.A_AlertNotification",
      "type" : "string"
    }, {
      "target" : "title",
      "value" : "bind:appLocale.A_AlertNotification",
      "type" : "string"
    }, {
      "target" : "okButtonText",
      "value" : "bind:appLocale.LABEL_OK",
      "type" : "string"
    }, {
      "target" : "alerttype",
      "value" : "warning",
      "type" : "string"
    } ],
    "operation" : "alert"
  },
  "appNotification" : {
    "_id" : "wm-appErrorHandler-wm.NotificationVariable-1454664620943",
    "name" : "appNotification",
    "owner" : "App",
    "category" : "wm.NotificationVariable",
    "dataBinding" : [ {
      "target" : "class",
      "value" : "Error",
      "type" : "list"
    }, {
      "target" : "toasterPosition",
      "value" : "bottom right",
      "type" : "list"
    } ],
    "operation" : "toast"
  },
  "Breadcrumbdataset" : {
    "_id" : "wm-Breadcrumbdataset-wm.Variable-1739787230327",
    "name" : "Breadcrumbdataset",
    "owner" : "App",
    "category" : "wm.Variable",
    "dataBinding" : [ ],
    "dataSet" : [ {
      "label" : "Breadcrumb1",
      "Icon" : "wm-sl-l sl-home-2",
      "Link" : "#/BreadCrumb1",
      "Hint" : "Hint",
      "SubActions" : [ {
        "label" : "Dialog1",
        "Icon" : "wm-sl-l sl-home-2",
        "Link" : "#/dialogsPage",
        "Hint" : "Hint"
      }, {
        "label" : "Dialog2",
        "Icon" : "wm-sl-l sl-home-2",
        "Link" : "#/BreadCrumb1",
        "Hint" : "Hint",
        "active" : true
      } ]
    }, {
      "label" : "Breadcrumb2",
      "Icon" : "wm-sl-l sl-home-2",
      "Link" : "#/BreadcrumbPage",
      "Hint" : "Hint",
      "SubActions" : [ {
        "label" : "Dialog1",
        "Icon" : "wm-sl-l sl-home-2",
        "Link" : "#/dialogsPage",
        "Hint" : "Hint"
      }, {
        "label" : "Dialog2",
        "Icon" : "wm-sl-l sl-home-2",
        "Link" : "#/Breadcrumb2",
        "Hint" : "Hint"
      } ]
    } ],
    "type" : "entry",
    "isList" : true,
    "twoWayBinding" : false,
    "saveInPhonegap" : false
  },
  "chartData" : {
    "_id" : "wm-chartData-wm.LiveVariable-1738571377724",
    "name" : "chartData",
    "owner" : "App",
    "category" : "wm.LiveVariable",
    "dataBinding" : [ ],
    "operation" : "read",
    "dataSet" : [ ],
    "type" : "Department",
    "isList" : false,
    "saveInPhonegap" : false,
    "maxResults" : 20,
    "designMaxResults" : 10,
    "inFlightBehavior" : "executeLast",
    "startUpdate" : true,
    "autoUpdate" : true,
    "transformationRequired" : false,
    "liveSource" : "hrdb",
    "ignoreCase" : true,
    "matchMode" : "startignorecase",
    "orderBy" : "deptId asc",
    "propertiesMap" : {
      "columns" : [ {
        "fieldName" : "deptId",
        "type" : "integer",
        "fullyQualifiedType" : "integer",
        "columnName" : "DEPT_ID",
        "isPrimaryKey" : true,
        "notNull" : true,
        "length" : 255,
        "precision" : 10,
        "generator" : "identity",
        "isRelated" : false,
        "scale" : 0
      }, {
        "fieldName" : "name",
        "type" : "string",
        "fullyQualifiedType" : "string",
        "columnName" : "NAME",
        "isPrimaryKey" : false,
        "notNull" : false,
        "length" : 255,
        "precision" : 19,
        "generator" : "assigned",
        "isRelated" : false,
        "scale" : 2
      }, {
        "fieldName" : "budget",
        "type" : "integer",
        "fullyQualifiedType" : "integer",
        "columnName" : "BUDGET",
        "isPrimaryKey" : false,
        "notNull" : false,
        "length" : 255,
        "precision" : 10,
        "generator" : "assigned",
        "isRelated" : false,
        "scale" : 0
      }, {
        "fieldName" : "q1",
        "type" : "integer",
        "fullyQualifiedType" : "integer",
        "columnName" : "Q1",
        "isPrimaryKey" : false,
        "notNull" : false,
        "length" : 255,
        "precision" : 10,
        "generator" : "assigned",
        "isRelated" : false,
        "scale" : 0
      }, {
        "fieldName" : "q2",
        "type" : "integer",
        "fullyQualifiedType" : "integer",
        "columnName" : "Q2",
        "isPrimaryKey" : false,
        "notNull" : false,
        "length" : 255,
        "precision" : 10,
        "generator" : "assigned",
        "isRelated" : false,
        "scale" : 0
      }, {
        "fieldName" : "q3",
        "type" : "integer",
        "fullyQualifiedType" : "integer",
        "columnName" : "Q3",
        "isPrimaryKey" : false,
        "notNull" : false,
        "length" : 255,
        "precision" : 10,
        "generator" : "assigned",
        "isRelated" : false,
        "scale" : 0
      }, {
        "fieldName" : "q4",
        "type" : "integer",
        "fullyQualifiedType" : "integer",
        "columnName" : "Q4",
        "isPrimaryKey" : false,
        "notNull" : false,
        "length" : 255,
        "precision" : 10,
        "generator" : "assigned",
        "isRelated" : false,
        "scale" : 0
      }, {
        "fieldName" : "deptCode",
        "type" : "string",
        "fullyQualifiedType" : "string",
        "columnName" : "DEPT_CODE",
        "isPrimaryKey" : false,
        "notNull" : false,
        "length" : 20,
        "precision" : 19,
        "generator" : "assigned",
        "isRelated" : false,
        "scale" : 2
      }, {
        "fieldName" : "location",
        "type" : "string",
        "fullyQualifiedType" : "string",
        "columnName" : "LOCATION",
        "isPrimaryKey" : false,
        "notNull" : false,
        "length" : 255,
        "precision" : 19,
        "generator" : "assigned",
        "isRelated" : false,
        "scale" : 2
      }, {
        "fieldName" : "tenantId",
        "type" : "integer",
        "fullyQualifiedType" : "integer",
        "columnName" : "TENANT_ID",
        "isPrimaryKey" : false,
        "notNull" : false,
        "length" : 255,
        "precision" : 10,
        "generator" : "assigned",
        "isRelated" : false,
        "scale" : 0
      } ],
      "entityName" : "Department",
      "fullyQualifiedName" : "com.widgetslocalization.hrdb.Department",
      "tableType" : "TABLE",
      "primaryFields" : [ "deptId" ]
    },
    "tableName" : "DEPARTMENT",
    "tableType" : "TABLE",
    "properties" : [ ],
    "relatedTables" : [ ],
    "filterFields" : { },
    "filterExpressions" : { },
    "package" : "com.widgetslocalization.hrdb.Department"
  },
  "ConfirmNotification" : {
    "_id" : "wm-ConfirmNotification-wm.NotificationVariable-1734333320604",
    "name" : "ConfirmNotification",
    "owner" : "App",
    "category" : "wm.NotificationVariable",
    "dataBinding" : [ {
      "target" : "text",
      "value" : "bind:appLocale.A_ConfirmNotification",
      "type" : "string"
    }, {
      "target" : "title",
      "value" : "bind:appLocale.A_ConfirmNotification",
      "type" : "string"
    }, {
      "target" : "okButtonText",
      "value" : "bind:appLocale.LABEL_OK",
      "type" : "string"
    }, {
      "target" : "cancelButtonText",
      "value" : "bind:appLocale.LABEL_CANCEL",
      "type" : "string"
    } ],
    "operation" : "confirm"
  },
  "EmployeeDetails" : {
    "_id" : "wm-EmployeeDetails-wm.LiveVariable-1734762973388",
    "name" : "EmployeeDetails",
    "owner" : "App",
    "category" : "wm.LiveVariable",
    "dataBinding" : [ ],
    "operation" : "read",
    "dataSet" : [ ],
    "type" : "Employee",
    "isList" : false,
    "saveInPhonegap" : false,
    "maxResults" : 20,
    "designMaxResults" : 10,
    "inFlightBehavior" : "executeLast",
    "startUpdate" : true,
    "autoUpdate" : true,
    "transformationRequired" : false,
    "liveSource" : "hrdb",
    "ignoreCase" : true,
    "matchMode" : "startignorecase",
    "orderBy" : "empId asc",
    "propertiesMap" : {
      "columns" : [ {
        "fieldName" : "department",
        "type" : "integer",
        "fullyQualifiedType" : "integer",
        "columnName" : "DEPT_ID",
        "isPrimaryKey" : false,
        "notNull" : false,
        "length" : 255,
        "precision" : 10,
        "generator" : "assigned",
        "isRelated" : true,
        "relatedTableName" : "DEPARTMENT",
        "relatedEntityName" : "Department",
        "relatedColumnName" : "deptId",
        "relatedFieldName" : "department.deptId",
        "isList" : false,
        "targetTable" : "DEPARTMENT",
        "scale" : 0,
        "columns" : [ {
          "fieldName" : "deptId",
          "type" : "integer",
          "fullyQualifiedType" : "integer",
          "columnName" : "DEPT_ID",
          "isPrimaryKey" : true,
          "notNull" : true,
          "length" : 255,
          "precision" : 10,
          "generator" : "identity",
          "isRelated" : false,
          "scale" : 0
        }, {
          "fieldName" : "name",
          "type" : "string",
          "fullyQualifiedType" : "string",
          "columnName" : "NAME",
          "isPrimaryKey" : false,
          "notNull" : false,
          "length" : 255,
          "precision" : 19,
          "generator" : "assigned",
          "isRelated" : false,
          "scale" : 2
        }, {
          "fieldName" : "budget",
          "type" : "integer",
          "fullyQualifiedType" : "integer",
          "columnName" : "BUDGET",
          "isPrimaryKey" : false,
          "notNull" : false,
          "length" : 255,
          "precision" : 10,
          "generator" : "assigned",
          "isRelated" : false,
          "scale" : 0
        }, {
          "fieldName" : "q1",
          "type" : "integer",
          "fullyQualifiedType" : "integer",
          "columnName" : "Q1",
          "isPrimaryKey" : false,
          "notNull" : false,
          "length" : 255,
          "precision" : 10,
          "generator" : "assigned",
          "isRelated" : false,
          "scale" : 0
        }, {
          "fieldName" : "q2",
          "type" : "integer",
          "fullyQualifiedType" : "integer",
          "columnName" : "Q2",
          "isPrimaryKey" : false,
          "notNull" : false,
          "length" : 255,
          "precision" : 10,
          "generator" : "assigned",
          "isRelated" : false,
          "scale" : 0
        }, {
          "fieldName" : "q3",
          "type" : "integer",
          "fullyQualifiedType" : "integer",
          "columnName" : "Q3",
          "isPrimaryKey" : false,
          "notNull" : false,
          "length" : 255,
          "precision" : 10,
          "generator" : "assigned",
          "isRelated" : false,
          "scale" : 0
        }, {
          "fieldName" : "q4",
          "type" : "integer",
          "fullyQualifiedType" : "integer",
          "columnName" : "Q4",
          "isPrimaryKey" : false,
          "notNull" : false,
          "length" : 255,
          "precision" : 10,
          "generator" : "assigned",
          "isRelated" : false,
          "scale" : 0
        }, {
          "fieldName" : "deptCode",
          "type" : "string",
          "fullyQualifiedType" : "string",
          "columnName" : "DEPT_CODE",
          "isPrimaryKey" : false,
          "notNull" : false,
          "length" : 20,
          "precision" : 19,
          "generator" : "assigned",
          "isRelated" : false,
          "scale" : 2
        }, {
          "fieldName" : "location",
          "type" : "string",
          "fullyQualifiedType" : "string",
          "columnName" : "LOCATION",
          "isPrimaryKey" : false,
          "notNull" : false,
          "length" : 255,
          "precision" : 19,
          "generator" : "assigned",
          "isRelated" : false,
          "scale" : 2
        }, {
          "fieldName" : "tenantId",
          "type" : "integer",
          "fullyQualifiedType" : "integer",
          "columnName" : "TENANT_ID",
          "isPrimaryKey" : false,
          "notNull" : false,
          "length" : 255,
          "precision" : 10,
          "generator" : "assigned",
          "isRelated" : false,
          "scale" : 0
        } ]
      }, {
        "fieldName" : "employeeByManagerId",
        "type" : "integer",
        "fullyQualifiedType" : "integer",
        "columnName" : "MANAGER_ID",
        "isPrimaryKey" : false,
        "notNull" : false,
        "length" : 255,
        "precision" : 10,
        "generator" : "assigned",
        "isRelated" : true,
        "relatedTableName" : "EMPLOYEE",
        "relatedEntityName" : "Employee",
        "relatedColumnName" : "managerId",
        "relatedFieldName" : "employeeByManagerId.empId",
        "isList" : false,
        "targetTable" : "EMPLOYEE",
        "scale" : 0,
        "columns" : [ {
          "fieldName" : "department",
          "type" : "integer",
          "fullyQualifiedType" : "integer",
          "columnName" : "DEPT_ID",
          "isPrimaryKey" : false,
          "notNull" : false,
          "length" : 255,
          "precision" : 10,
          "generator" : "assigned",
          "isRelated" : true,
          "relatedTableName" : "DEPARTMENT",
          "relatedEntityName" : "Department",
          "relatedColumnName" : "deptId",
          "relatedFieldName" : "department.deptId",
          "isList" : false,
          "targetTable" : "DEPARTMENT",
          "scale" : 0,
          "columns" : [ {
            "fieldName" : "deptId",
            "type" : "integer",
            "fullyQualifiedType" : "integer",
            "columnName" : "DEPT_ID",
            "isPrimaryKey" : true,
            "notNull" : true,
            "length" : 255,
            "precision" : 10,
            "generator" : "identity",
            "isRelated" : false,
            "scale" : 0
          }, {
            "fieldName" : "name",
            "type" : "string",
            "fullyQualifiedType" : "string",
            "columnName" : "NAME",
            "isPrimaryKey" : false,
            "notNull" : false,
            "length" : 255,
            "precision" : 19,
            "generator" : "assigned",
            "isRelated" : false,
            "scale" : 2
          }, {
            "fieldName" : "budget",
            "type" : "integer",
            "fullyQualifiedType" : "integer",
            "columnName" : "BUDGET",
            "isPrimaryKey" : false,
            "notNull" : false,
            "length" : 255,
            "precision" : 10,
            "generator" : "assigned",
            "isRelated" : false,
            "scale" : 0
          }, {
            "fieldName" : "q1",
            "type" : "integer",
            "fullyQualifiedType" : "integer",
            "columnName" : "Q1",
            "isPrimaryKey" : false,
            "notNull" : false,
            "length" : 255,
            "precision" : 10,
            "generator" : "assigned",
            "isRelated" : false,
            "scale" : 0
          }, {
            "fieldName" : "q2",
            "type" : "integer",
            "fullyQualifiedType" : "integer",
            "columnName" : "Q2",
            "isPrimaryKey" : false,
            "notNull" : false,
            "length" : 255,
            "precision" : 10,
            "generator" : "assigned",
            "isRelated" : false,
            "scale" : 0
          }, {
            "fieldName" : "q3",
            "type" : "integer",
            "fullyQualifiedType" : "integer",
            "columnName" : "Q3",
            "isPrimaryKey" : false,
            "notNull" : false,
            "length" : 255,
            "precision" : 10,
            "generator" : "assigned",
            "isRelated" : false,
            "scale" : 0
          }, {
            "fieldName" : "q4",
            "type" : "integer",
            "fullyQualifiedType" : "integer",
            "columnName" : "Q4",
            "isPrimaryKey" : false,
            "notNull" : false,
            "length" : 255,
            "precision" : 10,
            "generator" : "assigned",
            "isRelated" : false,
            "scale" : 0
          }, {
            "fieldName" : "deptCode",
            "type" : "string",
            "fullyQualifiedType" : "string",
            "columnName" : "DEPT_CODE",
            "isPrimaryKey" : false,
            "notNull" : false,
            "length" : 20,
            "precision" : 19,
            "generator" : "assigned",
            "isRelated" : false,
            "scale" : 2
          }, {
            "fieldName" : "location",
            "type" : "string",
            "fullyQualifiedType" : "string",
            "columnName" : "LOCATION",
            "isPrimaryKey" : false,
            "notNull" : false,
            "length" : 255,
            "precision" : 19,
            "generator" : "assigned",
            "isRelated" : false,
            "scale" : 2
          }, {
            "fieldName" : "tenantId",
            "type" : "integer",
            "fullyQualifiedType" : "integer",
            "columnName" : "TENANT_ID",
            "isPrimaryKey" : false,
            "notNull" : false,
            "length" : 255,
            "precision" : 10,
            "generator" : "assigned",
            "isRelated" : false,
            "scale" : 0
          } ]
        }, {
          "fieldName" : "employeeByManagerId",
          "type" : "integer",
          "fullyQualifiedType" : "integer",
          "columnName" : "MANAGER_ID",
          "isPrimaryKey" : false,
          "notNull" : false,
          "length" : 255,
          "precision" : 10,
          "generator" : "assigned",
          "isRelated" : true,
          "relatedTableName" : "EMPLOYEE",
          "relatedEntityName" : "Employee",
          "relatedColumnName" : "managerId",
          "targetTable" : "EMPLOYEE",
          "scale" : 0
        }, {
          "fieldName" : "empId",
          "type" : "integer",
          "fullyQualifiedType" : "integer",
          "columnName" : "EMP_ID",
          "isPrimaryKey" : true,
          "notNull" : true,
          "length" : 255,
          "precision" : 10,
          "generator" : "identity",
          "isRelated" : false,
          "scale" : 0
        }, {
          "fieldName" : "firstname",
          "type" : "string",
          "fullyQualifiedType" : "string",
          "columnName" : "FIRSTNAME",
          "isPrimaryKey" : false,
          "notNull" : false,
          "length" : 255,
          "precision" : 19,
          "generator" : "assigned",
          "isRelated" : false,
          "scale" : 2
        }, {
          "fieldName" : "lastname",
          "type" : "string",
          "fullyQualifiedType" : "string",
          "columnName" : "LASTNAME",
          "isPrimaryKey" : false,
          "notNull" : false,
          "length" : 255,
          "precision" : 19,
          "generator" : "assigned",
          "isRelated" : false,
          "scale" : 2
        }, {
          "fieldName" : "street",
          "type" : "string",
          "fullyQualifiedType" : "string",
          "columnName" : "STREET",
          "isPrimaryKey" : false,
          "notNull" : false,
          "length" : 255,
          "precision" : 19,
          "generator" : "assigned",
          "isRelated" : false,
          "scale" : 2
        }, {
          "fieldName" : "city",
          "type" : "string",
          "fullyQualifiedType" : "string",
          "columnName" : "CITY",
          "isPrimaryKey" : false,
          "notNull" : false,
          "length" : 255,
          "precision" : 19,
          "generator" : "assigned",
          "isRelated" : false,
          "scale" : 2
        }, {
          "fieldName" : "state",
          "type" : "string",
          "fullyQualifiedType" : "string",
          "columnName" : "STATE",
          "isPrimaryKey" : false,
          "notNull" : false,
          "length" : 2,
          "precision" : 19,
          "generator" : "assigned",
          "isRelated" : false,
          "scale" : 2
        }, {
          "fieldName" : "zip",
          "type" : "string",
          "fullyQualifiedType" : "string",
          "columnName" : "ZIP",
          "isPrimaryKey" : false,
          "notNull" : false,
          "length" : 255,
          "precision" : 19,
          "generator" : "assigned",
          "isRelated" : false,
          "scale" : 2
        }, {
          "fieldName" : "birthdate",
          "type" : "date",
          "fullyQualifiedType" : "date",
          "columnName" : "BIRTHDATE",
          "isPrimaryKey" : false,
          "notNull" : false,
          "length" : 10,
          "precision" : 19,
          "generator" : "assigned",
          "isRelated" : false,
          "scale" : 2
        }, {
          "fieldName" : "picurl",
          "type" : "string",
          "fullyQualifiedType" : "string",
          "columnName" : "PICURL",
          "isPrimaryKey" : false,
          "notNull" : false,
          "length" : 255,
          "precision" : 19,
          "generator" : "assigned",
          "isRelated" : false,
          "scale" : 2
        }, {
          "fieldName" : "jobTitle",
          "type" : "string",
          "fullyQualifiedType" : "string",
          "columnName" : "JOB_TITLE",
          "isPrimaryKey" : false,
          "notNull" : false,
          "length" : 40,
          "precision" : 19,
          "generator" : "assigned",
          "isRelated" : false,
          "scale" : 2
        }, {
          "fieldName" : "username",
          "type" : "string",
          "fullyQualifiedType" : "string",
          "columnName" : "USERNAME",
          "isPrimaryKey" : false,
          "notNull" : false,
          "length" : 255,
          "precision" : 19,
          "generator" : "assigned",
          "isRelated" : false,
          "scale" : 2
        }, {
          "fieldName" : "password",
          "type" : "string",
          "fullyQualifiedType" : "string",
          "columnName" : "PASSWORD",
          "isPrimaryKey" : false,
          "notNull" : false,
          "length" : 255,
          "precision" : 19,
          "generator" : "assigned",
          "isRelated" : false,
          "scale" : 2
        }, {
          "fieldName" : "role",
          "type" : "string",
          "fullyQualifiedType" : "string",
          "columnName" : "ROLE",
          "isPrimaryKey" : false,
          "notNull" : false,
          "length" : 255,
          "precision" : 19,
          "generator" : "assigned",
          "isRelated" : false,
          "scale" : 2
        }, {
          "fieldName" : "tenantId",
          "type" : "integer",
          "fullyQualifiedType" : "integer",
          "columnName" : "TENANT_ID",
          "isPrimaryKey" : false,
          "notNull" : false,
          "length" : 255,
          "precision" : 10,
          "generator" : "assigned",
          "isRelated" : false,
          "scale" : 0
        } ]
      }, {
        "fieldName" : "empId",
        "type" : "integer",
        "fullyQualifiedType" : "integer",
        "columnName" : "EMP_ID",
        "isPrimaryKey" : true,
        "notNull" : true,
        "length" : 255,
        "precision" : 10,
        "generator" : "identity",
        "isRelated" : false,
        "scale" : 0
      }, {
        "fieldName" : "firstname",
        "type" : "string",
        "fullyQualifiedType" : "string",
        "columnName" : "FIRSTNAME",
        "isPrimaryKey" : false,
        "notNull" : false,
        "length" : 255,
        "precision" : 19,
        "generator" : "assigned",
        "isRelated" : false,
        "scale" : 2
      }, {
        "fieldName" : "lastname",
        "type" : "string",
        "fullyQualifiedType" : "string",
        "columnName" : "LASTNAME",
        "isPrimaryKey" : false,
        "notNull" : false,
        "length" : 255,
        "precision" : 19,
        "generator" : "assigned",
        "isRelated" : false,
        "scale" : 2
      }, {
        "fieldName" : "street",
        "type" : "string",
        "fullyQualifiedType" : "string",
        "columnName" : "STREET",
        "isPrimaryKey" : false,
        "notNull" : false,
        "length" : 255,
        "precision" : 19,
        "generator" : "assigned",
        "isRelated" : false,
        "scale" : 2
      }, {
        "fieldName" : "city",
        "type" : "string",
        "fullyQualifiedType" : "string",
        "columnName" : "CITY",
        "isPrimaryKey" : false,
        "notNull" : false,
        "length" : 255,
        "precision" : 19,
        "generator" : "assigned",
        "isRelated" : false,
        "scale" : 2
      }, {
        "fieldName" : "state",
        "type" : "string",
        "fullyQualifiedType" : "string",
        "columnName" : "STATE",
        "isPrimaryKey" : false,
        "notNull" : false,
        "length" : 2,
        "precision" : 19,
        "generator" : "assigned",
        "isRelated" : false,
        "scale" : 2
      }, {
        "fieldName" : "zip",
        "type" : "string",
        "fullyQualifiedType" : "string",
        "columnName" : "ZIP",
        "isPrimaryKey" : false,
        "notNull" : false,
        "length" : 255,
        "precision" : 19,
        "generator" : "assigned",
        "isRelated" : false,
        "scale" : 2
      }, {
        "fieldName" : "birthdate",
        "type" : "date",
        "fullyQualifiedType" : "date",
        "columnName" : "BIRTHDATE",
        "isPrimaryKey" : false,
        "notNull" : false,
        "length" : 10,
        "precision" : 19,
        "generator" : "assigned",
        "isRelated" : false,
        "scale" : 2
      }, {
        "fieldName" : "picurl",
        "type" : "string",
        "fullyQualifiedType" : "string",
        "columnName" : "PICURL",
        "isPrimaryKey" : false,
        "notNull" : false,
        "length" : 255,
        "precision" : 19,
        "generator" : "assigned",
        "isRelated" : false,
        "scale" : 2
      }, {
        "fieldName" : "jobTitle",
        "type" : "string",
        "fullyQualifiedType" : "string",
        "columnName" : "JOB_TITLE",
        "isPrimaryKey" : false,
        "notNull" : false,
        "length" : 40,
        "precision" : 19,
        "generator" : "assigned",
        "isRelated" : false,
        "scale" : 2
      }, {
        "fieldName" : "username",
        "type" : "string",
        "fullyQualifiedType" : "string",
        "columnName" : "USERNAME",
        "isPrimaryKey" : false,
        "notNull" : false,
        "length" : 255,
        "precision" : 19,
        "generator" : "assigned",
        "isRelated" : false,
        "scale" : 2
      }, {
        "fieldName" : "password",
        "type" : "string",
        "fullyQualifiedType" : "string",
        "columnName" : "PASSWORD",
        "isPrimaryKey" : false,
        "notNull" : false,
        "length" : 255,
        "precision" : 19,
        "generator" : "assigned",
        "isRelated" : false,
        "scale" : 2
      }, {
        "fieldName" : "role",
        "type" : "string",
        "fullyQualifiedType" : "string",
        "columnName" : "ROLE",
        "isPrimaryKey" : false,
        "notNull" : false,
        "length" : 255,
        "precision" : 19,
        "generator" : "assigned",
        "isRelated" : false,
        "scale" : 2
      }, {
        "fieldName" : "tenantId",
        "type" : "integer",
        "fullyQualifiedType" : "integer",
        "columnName" : "TENANT_ID",
        "isPrimaryKey" : false,
        "notNull" : false,
        "length" : 255,
        "precision" : 10,
        "generator" : "assigned",
        "isRelated" : false,
        "scale" : 0
      } ],
      "entityName" : "Employee",
      "fullyQualifiedName" : "com.widgetslocalization.hrdb.Employee",
      "tableType" : "TABLE",
      "primaryFields" : [ "empId" ]
    },
    "tableName" : "EMPLOYEE",
    "tableType" : "TABLE",
    "properties" : [ "department", "employeeByManagerId" ],
    "relatedTables" : [ {
      "columnName" : "department",
      "relationName" : "department",
      "type" : "Department",
      "watchOn" : "HrdbDepartmentData",
      "package" : "com.widgetslocalization.hrdb.Employee"
    }, {
      "columnName" : "employeeByManagerId",
      "relationName" : "employeeByManagerId",
      "type" : "Employee",
      "watchOn" : "HrdbEmployeeData",
      "package" : "com.widgetslocalization.hrdb.Employee"
    } ],
    "filterFields" : { },
    "filterExpressions" : {
      "condition" : "AND",
      "rules" : [ {
        "target" : "",
        "type" : "string",
        "matchMode" : "anywhereignorecase",
        "value" : "",
        "required" : false
      } ]
    },
    "inputFields" : { },
    "package" : "com.widgetslocalization.hrdb.Employee"
  },
  "goToPage_AccordionPage" : {
    "_id" : "wm-goToPage_AccordionPage-wm.NavigationVariable-1735054865615",
    "name" : "goToPage_AccordionPage",
    "owner" : "App",
    "category" : "wm.NavigationVariable",
    "dataBinding" : [ ],
    "operation" : "gotoPage",
    "pageName" : "AccordionPage",
    "dataSet" : [ ],
    "pageTransitions" : "none"
  },
  "goToPage_anchorPage" : {
    "_id" : "wm-goToPage_anchorPage-wm.NavigationVariable-1739176110088",
    "name" : "goToPage_anchorPage",
    "owner" : "App",
    "category" : "wm.NavigationVariable",
    "dataBinding" : [ {
      "target" : "pageName",
      "value" : "anchorPage",
      "type" : "string"
    } ],
    "operation" : "gotoPage",
    "dataSet" : [ ],
    "pageTransitions" : "none"
  },
  "goToPage_AnchorWidget" : {
    "_id" : "wm-goToPage_AnchorWidget-wm.NavigationVariable-1734328158911",
    "name" : "goToPage_AnchorWidget",
    "owner" : "App",
    "category" : "wm.NavigationVariable",
    "dataBinding" : [ ],
    "operation" : "gotoPage",
    "pageName" : "AnchorWidget",
    "dataSet" : [ ],
    "pageTransitions" : "none"
  },
  "goToPage_AreaChartPage" : {
    "_id" : "wm-goToPage_AreaChartPage-wm.NavigationVariable-1738591073329",
    "name" : "goToPage_AreaChartPage",
    "owner" : "App",
    "category" : "wm.NavigationVariable",
    "dataBinding" : [ ],
    "operation" : "gotoPage",
    "pageName" : "AreaChartPage",
    "dataSet" : [ ],
    "pageTransitions" : "none"
  },
  "goToPage_AudioPage" : {
    "_id" : "wm-goToPage_AudioPage-wm.NavigationVariable-1739172658694",
    "name" : "goToPage_AudioPage",
    "owner" : "App",
    "category" : "wm.NavigationVariable",
    "dataBinding" : [ {
      "target" : "pageName",
      "value" : "AudioPage",
      "type" : "string"
    } ],
    "operation" : "gotoPage",
    "dataSet" : [ ],
    "pageTransitions" : "none"
  },
  "goToPage_BarChartPage" : {
    "_id" : "wm-goToPage_BarChartPage-wm.NavigationVariable-1738644882781",
    "name" : "goToPage_BarChartPage",
    "owner" : "App",
    "category" : "wm.NavigationVariable",
    "dataBinding" : [ ],
    "operation" : "gotoPage",
    "pageName" : "BarChartPage",
    "dataSet" : [ ],
    "pageTransitions" : "none"
  },
  "goToPage_BreadCrumb1" : {
    "_id" : "wm-goToPage_BreadCrumb1-wm.NavigationVariable-1740030783364",
    "name" : "goToPage_BreadCrumb1",
    "owner" : "App",
    "category" : "wm.NavigationVariable",
    "dataBinding" : [ ],
    "operation" : "gotoPage",
    "pageName" : "BreadCrumb1",
    "dataSet" : [ ],
    "pageTransitions" : "none"
  },
  "goToPage_BreadCrumb2" : {
    "_id" : "wm-goToPage_BreadCrumb2-wm.NavigationVariable-1740030798914",
    "name" : "goToPage_BreadCrumb2",
    "owner" : "App",
    "category" : "wm.NavigationVariable",
    "dataBinding" : [ ],
    "operation" : "gotoPage",
    "pageName" : "BreadCrumb2",
    "dataSet" : [ ],
    "pageTransitions" : "none"
  },
  "goToPage_BreadcrumbPage" : {
    "_id" : "wm-goToPage_BreadcrumbPage1-wm.NavigationVariable-1734934654566",
    "name" : "goToPage_BreadcrumbPage",
    "owner" : "App",
    "category" : "wm.NavigationVariable",
    "dataBinding" : [ ],
    "operation" : "gotoPage",
    "pageName" : "BreadcrumbPage",
    "dataSet" : [ ],
    "pageTransitions" : "none"
  },
  "goToPage_BubbleChartPage" : {
    "_id" : "wm-goToPage_BubbleChartPage-wm.NavigationVariable-1738650687653",
    "name" : "goToPage_BubbleChartPage",
    "owner" : "App",
    "category" : "wm.NavigationVariable",
    "dataBinding" : [ ],
    "operation" : "gotoPage",
    "pageName" : "BubbleChartPage",
    "dataSet" : [ ],
    "pageTransitions" : "none"
  },
  "goToPage_ButtongroupPage" : {
    "_id" : "wm-goToPage_ButtongroupPage-wm.NavigationVariable-1739172616535",
    "name" : "goToPage_ButtongroupPage",
    "owner" : "App",
    "category" : "wm.NavigationVariable",
    "dataBinding" : [ {
      "target" : "pageName",
      "value" : "ButtongroupPage",
      "type" : "string"
    } ],
    "operation" : "gotoPage",
    "dataSet" : [ ],
    "pageTransitions" : "none"
  },
  "goToPage_ButtonPage" : {
    "_id" : "wm-goToPage_ButtonPage-wm.NavigationVariable-1734066104582",
    "name" : "goToPage_ButtonPage",
    "owner" : "App",
    "category" : "wm.NavigationVariable",
    "dataBinding" : [ ],
    "operation" : "gotoPage",
    "pageName" : "ButtonPage",
    "dataSet" : [ ],
    "pageTransitions" : "none"
  },
  "goToPage_CalenderPage" : {
    "_id" : "wm-goToPage_CalenderPage-wm.NavigationVariable-1734590215222",
    "name" : "goToPage_CalenderPage",
    "owner" : "App",
    "category" : "wm.NavigationVariable",
    "dataBinding" : [ ],
    "operation" : "gotoPage",
    "pageName" : "CalenderPage",
    "dataSet" : [ ],
    "pageTransitions" : "none"
  },
  "goToPage_cardsPage" : {
    "_id" : "wm-goToPage_cardsPage-wm.NavigationVariable-1738305795891",
    "name" : "goToPage_cardsPage",
    "owner" : "App",
    "category" : "wm.NavigationVariable",
    "dataBinding" : [ ],
    "operation" : "gotoPage",
    "pageName" : "cardsPage",
    "dataSet" : [ ],
    "pageTransitions" : "none"
  },
  "goToPage_CheckboxPage" : {
    "_id" : "wm-goToPage_CheckboxPage-wm.NavigationVariable-1739172686461",
    "name" : "goToPage_CheckboxPage",
    "owner" : "App",
    "category" : "wm.NavigationVariable",
    "dataBinding" : [ {
      "target" : "pageName",
      "value" : "CheckboxPage",
      "type" : "string"
    } ],
    "operation" : "gotoPage",
    "dataSet" : [ ],
    "pageTransitions" : "none"
  },
  "goToPage_CheckboxSetPage" : {
    "_id" : "wm-goToPage_CheckboxSetPage-wm.NavigationVariable-1739172718758",
    "name" : "goToPage_CheckboxSetPage",
    "owner" : "App",
    "category" : "wm.NavigationVariable",
    "dataBinding" : [ {
      "target" : "pageName",
      "value" : "CheckboxSetPage",
      "type" : "string"
    } ],
    "operation" : "gotoPage",
    "dataSet" : [ ],
    "pageTransitions" : "none"
  },
  "goToPage_ChipsPage" : {
    "_id" : "wm-goToPage_ChipsPage-wm.NavigationVariable-1734421712711",
    "name" : "goToPage_ChipsPage",
    "owner" : "App",
    "category" : "wm.NavigationVariable",
    "dataBinding" : [ ],
    "operation" : "gotoPage",
    "pageName" : "ChipsPage",
    "pageTransitions" : "none"
  },
  "goToPage_ColorpickerPage" : {
    "_id" : "wm-goToPage_ColorpickerPage-wm.NavigationVariable-1739175369844",
    "name" : "goToPage_ColorpickerPage",
    "owner" : "App",
    "category" : "wm.NavigationVariable",
    "dataBinding" : [ {
      "target" : "pageName",
      "value" : "ColorpickerPage",
      "type" : "string"
    } ],
    "operation" : "gotoPage",
    "dataSet" : [ ],
    "pageTransitions" : "none"
  },
  "goToPage_ColumnChartPage" : {
    "_id" : "wm-goToPage_ColumnChartPage-wm.NavigationVariable-1738589903726",
    "name" : "goToPage_ColumnChartPage",
    "owner" : "App",
    "category" : "wm.NavigationVariable",
    "dataBinding" : [ ],
    "operation" : "gotoPage",
    "pageName" : "ColumnChartPage",
    "dataSet" : [ ],
    "pageTransitions" : "none"
  },
  "goToPage_ContainerPage" : {
    "_id" : "wm-goToPage_ContainerPage-wm.NavigationVariable-1739164180741",
    "name" : "goToPage_ContainerPage",
    "owner" : "App",
    "category" : "wm.NavigationVariable",
    "dataBinding" : [ ],
    "operation" : "gotoPage",
    "pageName" : "ContainerPage",
    "dataSet" : [ ],
    "pageTransitions" : "none"
  },
  "goToPage_CumulativeLineChartPage" : {
    "_id" : "wm-goToPage_CummulativeLineChartPage-wm.NavigationVariable-1738649379534",
    "name" : "goToPage_CumulativeLineChartPage",
    "owner" : "App",
    "category" : "wm.NavigationVariable",
    "dataBinding" : [ ],
    "operation" : "gotoPage",
    "pageName" : "CumulativeLineChartPage",
    "dataSet" : [ ],
    "pageTransitions" : "none"
  },
  "goToPage_CurrencyPage" : {
    "_id" : "wm-goToPage_CurrencyPage-wm.NavigationVariable-1739175393872",
    "name" : "goToPage_CurrencyPage",
    "owner" : "App",
    "category" : "wm.NavigationVariable",
    "dataBinding" : [ {
      "target" : "pageName",
      "value" : "CurrencyPage",
      "type" : "string"
    } ],
    "operation" : "gotoPage",
    "dataSet" : [ ],
    "pageTransitions" : "none"
  },
  "goToPage_DataTableWithFormAsDialogPage" : {
    "_id" : "wm-goToPage_DataTablePage-wm.NavigationVariable-1734785335959",
    "name" : "goToPage_DataTableWithFormAsDialogPage",
    "owner" : "App",
    "category" : "wm.NavigationVariable",
    "dataBinding" : [ ],
    "operation" : "gotoPage",
    "pageName" : "DataTableWithFormAsDialogPage",
    "dataSet" : [ ],
    "pageTransitions" : "none"
  },
  "goToPage_DataTableWithFormBelowPage" : {
    "_id" : "wm-goToPage_DataTableWithFormBelowPage-wm.NavigationVariable-1734836552415",
    "name" : "goToPage_DataTableWithFormBelowPage",
    "owner" : "App",
    "category" : "wm.NavigationVariable",
    "dataBinding" : [ ],
    "operation" : "gotoPage",
    "pageName" : "DataTableWithFormBelowPage",
    "dataSet" : [ ],
    "pageTransitions" : "none"
  },
  "goToPage_DataTableWithInlineEdit" : {
    "_id" : "wm-goToPage_DataTableWithInlineEdit-wm.NavigationVariable-1735030535951",
    "name" : "goToPage_DataTableWithInlineEdit",
    "owner" : "App",
    "category" : "wm.NavigationVariable",
    "dataBinding" : [ ],
    "operation" : "gotoPage",
    "pageName" : "DataTableWithInlineEdit",
    "dataSet" : [ ],
    "pageTransitions" : "none"
  },
  "goToPage_DataTableWithQuickEdit" : {
    "_id" : "wm-goToPage_DataTableWithQuickEdit-wm.NavigationVariable-1735056068335",
    "name" : "goToPage_DataTableWithQuickEdit",
    "owner" : "App",
    "category" : "wm.NavigationVariable",
    "dataBinding" : [ ],
    "operation" : "gotoPage",
    "pageName" : "DataTableWithQuickEdit",
    "dataSet" : [ ],
    "pageTransitions" : "none"
  },
  "goToPage_DatePage" : {
    "_id" : "wm-goToPage_DatePage-wm.NavigationVariable-1739175418030",
    "name" : "goToPage_DatePage",
    "owner" : "App",
    "category" : "wm.NavigationVariable",
    "dataBinding" : [ {
      "target" : "pageName",
      "value" : "DatePage",
      "type" : "string"
    } ],
    "operation" : "gotoPage",
    "dataSet" : [ ],
    "pageTransitions" : "none"
  },
  "goToPage_DateTimePage" : {
    "_id" : "wm-goToPage_DateTimePage-wm.NavigationVariable-1739175439641",
    "name" : "goToPage_DateTimePage",
    "owner" : "App",
    "category" : "wm.NavigationVariable",
    "dataBinding" : [ {
      "target" : "pageName",
      "value" : "DateTimePage",
      "type" : "string"
    } ],
    "operation" : "gotoPage",
    "dataSet" : [ ],
    "pageTransitions" : "none"
  },
  "goToPage_demo" : {
    "_id" : "wm-goToPage_demo-wm.NavigationVariable-1736401718146",
    "name" : "goToPage_demo",
    "owner" : "App",
    "category" : "wm.NavigationVariable",
    "dataBinding" : [ ],
    "operation" : "gotoPage",
    "pageName" : "demo",
    "dataSet" : [ ],
    "pageTransitions" : "none"
  },
  "goToPage_dialogsPage" : {
    "_id" : "wm-goToPage_dialogsPage-wm.NavigationVariable-1738306167981",
    "name" : "goToPage_dialogsPage",
    "owner" : "App",
    "category" : "wm.NavigationVariable",
    "dataBinding" : [ ],
    "operation" : "gotoPage",
    "pageName" : "dialogsPage",
    "dataSet" : [ ],
    "pageTransitions" : "none"
  },
  "goToPage_DonutChartPage" : {
    "_id" : "wm-goToPage_DonutChartPage-wm.NavigationVariable-1738650098216",
    "name" : "goToPage_DonutChartPage",
    "owner" : "App",
    "category" : "wm.NavigationVariable",
    "dataBinding" : [ ],
    "operation" : "gotoPage",
    "pageName" : "DonutChartPage",
    "dataSet" : [ ],
    "pageTransitions" : "none"
  },
  "goToPage_DropdownMenuPage" : {
    "_id" : "wm-goToPage_DropdownMenuPage-wm.NavigationVariable-1734934315630",
    "name" : "goToPage_DropdownMenuPage",
    "owner" : "App",
    "category" : "wm.NavigationVariable",
    "dataBinding" : [ ],
    "operation" : "gotoPage",
    "pageName" : "DropdownMenuPage",
    "dataSet" : [ ],
    "pageTransitions" : "none"
  },
  "goToPage_DynamicCarouselPage" : {
    "_id" : "wm-goToPage_DynamicCarouselPage-wm.NavigationVariable-1738654829060",
    "name" : "goToPage_DynamicCarouselPage",
    "owner" : "App",
    "category" : "wm.NavigationVariable",
    "dataBinding" : [ ],
    "operation" : "gotoPage",
    "pageName" : "DynamicCarouselPage",
    "dataSet" : [ ],
    "pageTransitions" : "none"
  },
  "goToPage_FileUploadPage" : {
    "_id" : "wm-goToPage_FileUploadPage-wm.NavigationVariable-1739175463888",
    "name" : "goToPage_FileUploadPage",
    "owner" : "App",
    "category" : "wm.NavigationVariable",
    "dataBinding" : [ {
      "target" : "pageName",
      "value" : "FileUploadPage",
      "type" : "string"
    } ],
    "operation" : "gotoPage",
    "dataSet" : [ ],
    "pageTransitions" : "none"
  },
  "goToPage_FormPage" : {
    "_id" : "wm-goToPage_FormPage-wm.NavigationVariable-1735533952048",
    "name" : "goToPage_FormPage",
    "owner" : "App",
    "category" : "wm.NavigationVariable",
    "dataBinding" : [ ],
    "operation" : "gotoPage",
    "pageName" : "FormPage",
    "dataSet" : [ ],
    "pageTransitions" : "none"
  },
  "goToPage_goToPage_TabsPage" : {
    "_id" : "wm-goToPage_goToPage_TabsPage-wm.NavigationVariable-1739176345350",
    "name" : "goToPage_goToPage_TabsPage",
    "owner" : "App",
    "category" : "wm.NavigationVariable",
    "dataBinding" : [ {
      "target" : "pageName",
      "value" : "IconPage",
      "type" : "string"
    } ],
    "operation" : "gotoPage",
    "dataSet" : [ ],
    "pageTransitions" : "none"
  },
  "goToPage_HTMLPage" : {
    "_id" : "wm-goToPage_HTMLPage-wm.NavigationVariable-1739175494394",
    "name" : "goToPage_HTMLPage",
    "owner" : "App",
    "category" : "wm.NavigationVariable",
    "dataBinding" : [ {
      "target" : "pageName",
      "value" : "HTMLPage",
      "type" : "string"
    } ],
    "operation" : "gotoPage",
    "dataSet" : [ ],
    "pageTransitions" : "none"
  },
  "goToPage_IconPage" : {
    "_id" : "wm-goToPage_IconPage-wm.NavigationVariable-1739176426806",
    "name" : "goToPage_IconPage",
    "owner" : "App",
    "category" : "wm.NavigationVariable",
    "dataBinding" : [ {
      "target" : "pageName",
      "value" : "IconPage",
      "type" : "string"
    } ],
    "operation" : "gotoPage",
    "dataSet" : [ ],
    "pageTransitions" : "none"
  },
  "goToPage_IconWidget" : {
    "_id" : "wm-goToPage_IconWidget-wm.NavigationVariable-1734328243811",
    "name" : "goToPage_IconWidget",
    "owner" : "App",
    "category" : "wm.NavigationVariable",
    "dataBinding" : [ ],
    "operation" : "gotoPage",
    "pageName" : "IconWidget",
    "dataSet" : [ ],
    "pageTransitions" : "none"
  },
  "goToPage_IframePage" : {
    "_id" : "wm-goToPage_IframePage-wm.NavigationVariable-1734501447433",
    "name" : "goToPage_IframePage",
    "owner" : "App",
    "category" : "wm.NavigationVariable",
    "dataBinding" : [ ],
    "operation" : "gotoPage",
    "pageName" : "IframePage",
    "dataSet" : [ ],
    "pageTransitions" : "none"
  },
  "goToPage_LabelPage" : {
    "_id" : "wm-goToPage_LabelPage-wm.NavigationVariable-1739176367576",
    "name" : "goToPage_LabelPage",
    "owner" : "App",
    "category" : "wm.NavigationVariable",
    "dataBinding" : [ {
      "target" : "pageName",
      "value" : "LabelPage",
      "type" : "string"
    } ],
    "operation" : "gotoPage",
    "dataSet" : [ ],
    "pageTransitions" : "none"
  },
  "goToPage_LabelWidgets" : {
    "_id" : "wm-goToPage_BasicWidgets-wm.NavigationVariable-1734085473023",
    "name" : "goToPage_LabelWidgets",
    "owner" : "App",
    "category" : "wm.NavigationVariable",
    "dataBinding" : [ ],
    "operation" : "gotoPage",
    "pageName" : "LabelWidgets",
    "dataSet" : [ ],
    "pageTransitions" : "none"
  },
  "goToPage_LinechartPage" : {
    "_id" : "wm-goToPage_LinechartPage-wm.NavigationVariable-1735190841057",
    "name" : "goToPage_LinechartPage",
    "owner" : "App",
    "category" : "wm.NavigationVariable",
    "dataBinding" : [ ],
    "operation" : "gotoPage",
    "pageName" : "LinechartPage",
    "dataSet" : [ ],
    "pageTransitions" : "none"
  },
  "goToPage_LineChartsPage" : {
    "_id" : "wm-goToPage_ChartsPage-wm.NavigationVariable-1738564373128",
    "name" : "goToPage_LineChartsPage",
    "owner" : "App",
    "category" : "wm.NavigationVariable",
    "dataBinding" : [ ],
    "operation" : "gotoPage",
    "pageName" : "LineChartsPage",
    "dataSet" : [ ],
    "pageTransitions" : "none"
  },
  "goToPage_listPage" : {
    "_id" : "wm-goToPage_listPage-wm.NavigationVariable-1737965954878",
    "name" : "goToPage_listPage",
    "owner" : "App",
    "category" : "wm.NavigationVariable",
    "dataBinding" : [ ],
    "operation" : "gotoPage",
    "pageName" : "listPage",
    "dataSet" : [ ],
    "pageTransitions" : "none"
  },
  "goToPage_LiveFilterPage" : {
    "_id" : "wm-goToPage_LiveFilterPage-wm.NavigationVariable-1738566668700",
    "name" : "goToPage_LiveFilterPage",
    "owner" : "App",
    "category" : "wm.NavigationVariable",
    "dataBinding" : [ ],
    "operation" : "gotoPage",
    "pageName" : "LiveFilterPage",
    "dataSet" : [ ],
    "pageTransitions" : "none"
  },
  "goToPage_LiveFormPage" : {
    "_id" : "wm-goToPage_LiveFormPage-wm.NavigationVariable-1738566653128",
    "name" : "goToPage_LiveFormPage",
    "owner" : "App",
    "category" : "wm.NavigationVariable",
    "dataBinding" : [ ],
    "operation" : "gotoPage",
    "pageName" : "LiveFormPage",
    "dataSet" : [ ],
    "pageTransitions" : "none"
  },
  "goToPage_LoginWidgetPage" : {
    "_id" : "wm-goToPage_LoginWidgetPage-wm.NavigationVariable-1738733274703",
    "name" : "goToPage_LoginWidgetPage",
    "owner" : "App",
    "category" : "wm.NavigationVariable",
    "dataBinding" : [ ],
    "operation" : "gotoPage",
    "pageName" : "LoginWidgetPage",
    "dataSet" : [ ],
    "pageTransitions" : "none"
  },
  "goToPage_Main" : {
    "_id" : "wm-wm.NavigationVariable1389180517517",
    "name" : "goToPage_Main",
    "owner" : "App",
    "category" : "wm.NavigationVariable",
    "operation" : "gotoPage",
    "pageName" : "Main"
  },
  "goToPage_MarqueePage" : {
    "_id" : "wm-goToPage_MarqueePage-wm.NavigationVariable-1738660637823",
    "name" : "goToPage_MarqueePage",
    "owner" : "App",
    "category" : "wm.NavigationVariable",
    "dataBinding" : [ ],
    "operation" : "gotoPage",
    "pageName" : "MarqueePage",
    "dataSet" : [ ],
    "pageTransitions" : "none"
  },
  "goToPage_MessagePage" : {
    "_id" : "wm-goToPage_MessagesPage-wm.NavigationVariable-1734502343672",
    "name" : "goToPage_MessagePage",
    "owner" : "App",
    "category" : "wm.NavigationVariable",
    "dataBinding" : [ ],
    "operation" : "gotoPage",
    "pageName" : "MessagePage",
    "dataSet" : [ ],
    "pageTransitions" : "none"
  },
  "goToPage_NavBarPage" : {
    "_id" : "wm-goToPage_NavBarPage-wm.NavigationVariable-1734930745347",
    "name" : "goToPage_NavBarPage",
    "owner" : "App",
    "category" : "wm.NavigationVariable",
    "dataBinding" : [ ],
    "operation" : "gotoPage",
    "pageName" : "NavBarPage",
    "dataSet" : [ ],
    "pageTransitions" : "none"
  },
  "goToPage_NavPage" : {
    "_id" : "wm-goToPage_NavPage-wm.NavigationVariable-1734674838402",
    "name" : "goToPage_NavPage",
    "owner" : "App",
    "category" : "wm.NavigationVariable",
    "dataBinding" : [ ],
    "operation" : "gotoPage",
    "pageName" : "NavPage",
    "dataSet" : [ ],
    "pageTransitions" : "none"
  },
  "goToPage_NumberPage" : {
    "_id" : "wm-goToPage_NumberPage-wm.NavigationVariable-1739175517937",
    "name" : "goToPage_NumberPage",
    "owner" : "App",
    "category" : "wm.NavigationVariable",
    "dataBinding" : [ {
      "target" : "pageName",
      "value" : "NumberPage",
      "type" : "string"
    } ],
    "operation" : "gotoPage",
    "dataSet" : [ ],
    "pageTransitions" : "none"
  },
  "goToPage_Page1" : {
    "_id" : "wm-goToPage_Page1-wm.NavigationVariable-1745232474901",
    "name" : "goToPage_Page1",
    "owner" : "App",
    "category" : "wm.NavigationVariable",
    "dataBinding" : [ ],
    "operation" : "gotoPage",
    "pageName" : "Page1",
    "dataSet" : [ ],
    "pageTransitions" : "none"
  },
  "goToPage_Page2" : {
    "_id" : "wm-goToPage_Page2-wm.NavigationVariable-1745232483785",
    "name" : "goToPage_Page2",
    "owner" : "App",
    "category" : "wm.NavigationVariable",
    "dataBinding" : [ ],
    "operation" : "gotoPage",
    "pageName" : "Page2",
    "dataSet" : [ ],
    "pageTransitions" : "none"
  },
  "goToPage_Page3" : {
    "_id" : "wm-goToPage_Page3-wm.NavigationVariable-1745232495171",
    "name" : "goToPage_Page3",
    "owner" : "App",
    "category" : "wm.NavigationVariable",
    "dataBinding" : [ ],
    "operation" : "gotoPage",
    "pageName" : "Page3",
    "dataSet" : [ ],
    "pageTransitions" : "none"
  },
  "goToPage_PanelPage" : {
    "_id" : "wm-goToPage_PanelPage-wm.NavigationVariable-1739176844847",
    "name" : "goToPage_PanelPage",
    "owner" : "App",
    "category" : "wm.NavigationVariable",
    "dataBinding" : [ {
      "target" : "pageName",
      "value" : "PanelPage",
      "type" : "string"
    } ],
    "operation" : "gotoPage",
    "dataSet" : [ ],
    "pageTransitions" : "none"
  },
  "goToPage_Picture_Widget" : {
    "_id" : "wm-goToPage_Picture_Widget-wm.NavigationVariable-1734328299475",
    "name" : "goToPage_Picture_Widget",
    "owner" : "App",
    "category" : "wm.NavigationVariable",
    "dataBinding" : [ ],
    "operation" : "gotoPage",
    "pageName" : "Picture_Widget",
    "dataSet" : [ ],
    "pageTransitions" : "none"
  },
  "goToPage_PicturePage" : {
    "_id" : "wm-goToPage_PicturePage-wm.NavigationVariable-1739175554440",
    "name" : "goToPage_PicturePage",
    "owner" : "App",
    "category" : "wm.NavigationVariable",
    "dataBinding" : [ {
      "target" : "pageName",
      "value" : "PicturePage",
      "type" : "string"
    } ],
    "operation" : "gotoPage",
    "dataSet" : [ ],
    "pageTransitions" : "none"
  },
  "goToPage_PieChartPage" : {
    "_id" : "wm-goToPage_PieChartPage-wm.NavigationVariable-1738643262106",
    "name" : "goToPage_PieChartPage",
    "owner" : "App",
    "category" : "wm.NavigationVariable",
    "dataBinding" : [ ],
    "operation" : "gotoPage",
    "pageName" : "PieChartPage",
    "dataSet" : [ ],
    "pageTransitions" : "none"
  },
  "goToPage_pnaeltest" : {
    "_id" : "wm-goToPage_pnaeltest-wm.NavigationVariable-1739429684406",
    "name" : "goToPage_pnaeltest",
    "owner" : "App",
    "category" : "wm.NavigationVariable",
    "dataBinding" : [ ],
    "operation" : "gotoPage",
    "pageName" : "pnaeltest",
    "dataSet" : [ ],
    "pageTransitions" : "none"
  },
  "goToPage_PopOverPage" : {
    "_id" : "wm-goToPage_PopOverPage-wm.NavigationVariable-1734933021356",
    "name" : "goToPage_PopOverPage",
    "owner" : "App",
    "category" : "wm.NavigationVariable",
    "dataBinding" : [ ],
    "operation" : "gotoPage",
    "pageName" : "PopOverPage",
    "dataSet" : [ ],
    "pageTransitions" : "none"
  },
  "goToPage_ProgressBarPage" : {
    "_id" : "wm-goToPage_ProgressBarPage-wm.NavigationVariable-1734777462339",
    "name" : "goToPage_ProgressBarPage",
    "owner" : "App",
    "category" : "wm.NavigationVariable",
    "dataBinding" : [ ],
    "operation" : "gotoPage",
    "pageName" : "ProgressBarPage",
    "dataSet" : [ ],
    "pageTransitions" : "none"
  },
  "goToPage_ProgressCircle" : {
    "_id" : "wm-goToPage_ProgressCircle-wm.NavigationVariable-1734784182111",
    "name" : "goToPage_ProgressCircle",
    "owner" : "App",
    "category" : "wm.NavigationVariable",
    "dataBinding" : [ ],
    "operation" : "gotoPage",
    "pageName" : "ProgressCircle",
    "dataSet" : [ ],
    "pageTransitions" : "none"
  },
  "goToPage_RadiosetPage" : {
    "_id" : "wm-goToPage_RadiosetPage-wm.NavigationVariable-1739175576368",
    "name" : "goToPage_RadiosetPage",
    "owner" : "App",
    "category" : "wm.NavigationVariable",
    "dataBinding" : [ {
      "target" : "pageName",
      "value" : "RadiosetPage",
      "type" : "string"
    } ],
    "operation" : "gotoPage",
    "dataSet" : [ ],
    "pageTransitions" : "none"
  },
  "goToPage_RatingPage" : {
    "_id" : "wm-goToPage_RatingPage-wm.NavigationVariable-1739175595649",
    "name" : "goToPage_RatingPage",
    "owner" : "App",
    "category" : "wm.NavigationVariable",
    "dataBinding" : [ {
      "target" : "pageName",
      "value" : "RatingPage",
      "type" : "string"
    } ],
    "operation" : "gotoPage",
    "dataSet" : [ ],
    "pageTransitions" : "none"
  },
  "goToPage_RichtextEditorPage" : {
    "_id" : "wm-goToPage_RichtextEditorPage-wm.NavigationVariable-1734776260109",
    "name" : "goToPage_RichtextEditorPage",
    "owner" : "App",
    "category" : "wm.NavigationVariable",
    "dataBinding" : [ ],
    "operation" : "gotoPage",
    "pageName" : "RichtextEditorPage",
    "dataSet" : [ ],
    "pageTransitions" : "none"
  },
  "goToPage_SearchPage" : {
    "_id" : "wm-goToPage_SearchPage-wm.NavigationVariable-1734516242251",
    "name" : "goToPage_SearchPage",
    "owner" : "App",
    "category" : "wm.NavigationVariable",
    "dataBinding" : [ ],
    "operation" : "gotoPage",
    "pageName" : "SearchPage",
    "dataSet" : [ ],
    "pageTransitions" : "none"
  },
  "goToPage_SelectPage" : {
    "_id" : "wm-goToPage_SelectPage-wm.NavigationVariable-1734587376529",
    "name" : "goToPage_SelectPage",
    "owner" : "App",
    "category" : "wm.NavigationVariable",
    "dataBinding" : [ ],
    "operation" : "gotoPage",
    "pageName" : "SelectPage",
    "pageTransitions" : "none"
  },
  "goToPage_SliderPage" : {
    "_id" : "wm-goToPage_SliderPage-wm.NavigationVariable-1739175615473",
    "name" : "goToPage_SliderPage",
    "owner" : "App",
    "category" : "wm.NavigationVariable",
    "dataBinding" : [ {
      "target" : "pageName",
      "value" : "SliderPage",
      "type" : "string"
    } ],
    "operation" : "gotoPage",
    "dataSet" : [ ],
    "pageTransitions" : "none"
  },
  "goToPage_SpinnerPage" : {
    "_id" : "wm-goToPage_SpinnerPage-wm.NavigationVariable-1734511382707",
    "name" : "goToPage_SpinnerPage",
    "owner" : "App",
    "category" : "wm.NavigationVariable",
    "dataBinding" : [ ],
    "operation" : "gotoPage",
    "pageName" : "SpinnerPage",
    "dataSet" : [ ],
    "pageTransitions" : "none"
  },
  "goToPage_StaticCarouselPage" : {
    "_id" : "wm-goToPage_CarouselWidgetPage-wm.NavigationVariable-1738652291032",
    "name" : "goToPage_StaticCarouselPage",
    "owner" : "App",
    "category" : "wm.NavigationVariable",
    "dataBinding" : [ ],
    "operation" : "gotoPage",
    "pageName" : "StaticCarouselPage",
    "dataSet" : [ ],
    "pageTransitions" : "none"
  },
  "goToPage_SwitchPage" : {
    "_id" : "wm-goToPage_SwitchPage-wm.NavigationVariable-1739175635865",
    "name" : "goToPage_SwitchPage",
    "owner" : "App",
    "category" : "wm.NavigationVariable",
    "dataBinding" : [ {
      "target" : "pageName",
      "value" : "SwitchPage",
      "type" : "string"
    } ],
    "operation" : "gotoPage",
    "dataSet" : [ ],
    "pageTransitions" : "none"
  },
  "goToPage_TabsPage" : {
    "_id" : "wm-goToPage_TabsPage-wm.NavigationVariable-1734934874312",
    "name" : "goToPage_TabsPage",
    "owner" : "App",
    "category" : "wm.NavigationVariable",
    "dataBinding" : [ ],
    "operation" : "gotoPage",
    "pageName" : "TabsPage",
    "dataSet" : [ ],
    "pageTransitions" : "none"
  },
  "goToPage_testCalender" : {
    "_id" : "wm-goToPage_testCalender-wm.NavigationVariable-1741437801765",
    "name" : "goToPage_testCalender",
    "owner" : "App",
    "category" : "wm.NavigationVariable",
    "dataBinding" : [ ],
    "operation" : "gotoPage",
    "pageName" : "testCalender",
    "dataSet" : [ ],
    "pageTransitions" : "none"
  },
  "goToPage_testfile" : {
    "_id" : "wm-goToPage_testfile-wm.NavigationVariable-1745401723995",
    "name" : "goToPage_testfile",
    "owner" : "App",
    "category" : "wm.NavigationVariable",
    "dataBinding" : [ ],
    "operation" : "gotoPage",
    "pageName" : "testfile",
    "dataSet" : [ ],
    "pageTransitions" : "none"
  },
  "goToPage_testForm" : {
    "_id" : "wm-goToPage_testForm-wm.NavigationVariable-1740987026655",
    "name" : "goToPage_testForm",
    "owner" : "App",
    "category" : "wm.NavigationVariable",
    "dataBinding" : [ ],
    "operation" : "gotoPage",
    "pageName" : "testForm",
    "dataSet" : [ ],
    "pageTransitions" : "none"
  },
  "goToPage_testpopover" : {
    "_id" : "wm-goToPage_testpopover-wm.NavigationVariable-1739803175536",
    "name" : "goToPage_testpopover",
    "owner" : "App",
    "category" : "wm.NavigationVariable",
    "dataBinding" : [ ],
    "operation" : "gotoPage",
    "pageName" : "testpopover",
    "dataSet" : [ ],
    "pageTransitions" : "none"
  },
  "goToPage_testswitch" : {
    "_id" : "wm-goToPage_testswitch-wm.NavigationVariable-1744016020346",
    "name" : "goToPage_testswitch",
    "owner" : "App",
    "category" : "wm.NavigationVariable",
    "dataBinding" : [ ],
    "operation" : "gotoPage",
    "pageName" : "testswitch",
    "dataSet" : [ ],
    "pageTransitions" : "none"
  },
  "goToPage_testTextarea" : {
    "_id" : "wm-goToPage_testTextarea-wm.NavigationVariable-1740635573646",
    "name" : "goToPage_testTextarea",
    "owner" : "App",
    "category" : "wm.NavigationVariable",
    "dataBinding" : [ ],
    "operation" : "gotoPage",
    "pageName" : "testTextarea",
    "dataSet" : [ ],
    "pageTransitions" : "none"
  },
  "goToPage_TextareaPage" : {
    "_id" : "wm-goToPage_TextareaPage-wm.NavigationVariable-1739175656509",
    "name" : "goToPage_TextareaPage",
    "owner" : "App",
    "category" : "wm.NavigationVariable",
    "dataBinding" : [ {
      "target" : "pageName",
      "value" : "TextareaPage",
      "type" : "string"
    } ],
    "operation" : "gotoPage",
    "dataSet" : [ ],
    "pageTransitions" : "none"
  },
  "goToPage_TextPage" : {
    "_id" : "wm-goToPage_TextPage-wm.NavigationVariable-1739175679772",
    "name" : "goToPage_TextPage",
    "owner" : "App",
    "category" : "wm.NavigationVariable",
    "dataBinding" : [ {
      "target" : "pageName",
      "value" : "TextPage",
      "type" : "string"
    } ],
    "operation" : "gotoPage",
    "dataSet" : [ ],
    "pageTransitions" : "none"
  },
  "goToPage_TilePage" : {
    "_id" : "wm-goToPage_TilePage-wm.NavigationVariable-1735189844898",
    "name" : "goToPage_TilePage",
    "owner" : "App",
    "category" : "wm.NavigationVariable",
    "dataBinding" : [ ],
    "operation" : "gotoPage",
    "pageName" : "TilePage",
    "dataSet" : [ ],
    "pageTransitions" : "none"
  },
  "goToPage_TimePage" : {
    "_id" : "wm-goToPage_TimePage-wm.NavigationVariable-1739175703840",
    "name" : "goToPage_TimePage",
    "owner" : "App",
    "category" : "wm.NavigationVariable",
    "dataBinding" : [ {
      "target" : "pageName",
      "value" : "TimePage",
      "type" : "string"
    } ],
    "operation" : "gotoPage",
    "dataSet" : [ ],
    "pageTransitions" : "none"
  },
  "goToPage_TogglePage" : {
    "_id" : "wm-goToPage_TogglePage-wm.NavigationVariable-1739175776542",
    "name" : "goToPage_TogglePage",
    "owner" : "App",
    "category" : "wm.NavigationVariable",
    "dataBinding" : [ {
      "target" : "pageName",
      "value" : "TogglePage",
      "type" : "string"
    } ],
    "operation" : "gotoPage",
    "dataSet" : [ ],
    "pageTransitions" : "none"
  },
  "goToPage_TreePage" : {
    "_id" : "wm-goToPage_TreePage-wm.NavigationVariable-1739175798642",
    "name" : "goToPage_TreePage",
    "owner" : "App",
    "category" : "wm.NavigationVariable",
    "dataBinding" : [ {
      "target" : "pageName",
      "value" : "TreePage",
      "type" : "string"
    } ],
    "operation" : "gotoPage",
    "dataSet" : [ ],
    "pageTransitions" : "none"
  },
  "goToPage_VideoPage" : {
    "_id" : "wm-goToPage_VideoPage-wm.NavigationVariable-1739175818720",
    "name" : "goToPage_VideoPage",
    "owner" : "App",
    "category" : "wm.NavigationVariable",
    "dataBinding" : [ {
      "target" : "pageName",
      "value" : "VideoPage",
      "type" : "string"
    } ],
    "operation" : "gotoPage",
    "dataSet" : [ ],
    "pageTransitions" : "none"
  },
  "goToPage_WizardPage" : {
    "_id" : "wm-goToPage_WizardPage-wm.NavigationVariable-1734935530198",
    "name" : "goToPage_WizardPage",
    "owner" : "App",
    "category" : "wm.NavigationVariable",
    "dataBinding" : [ ],
    "operation" : "gotoPage",
    "pageName" : "WizardPage",
    "dataSet" : [ ],
    "pageTransitions" : "none"
  },
  "loggedInUser" : {
    "_id" : "wm-loggedInUser-wm.Variable-1745305809358",
    "name" : "loggedInUser",
    "owner" : "App",
    "category" : "wm.Variable",
    "dataBinding" : [ ],
    "dataSet" : {
      "name" : "",
      "id" : "",
      "tenantId" : "",
      "isAuthenticated" : false,
      "isSecurityEnabled" : true,
      "roles" : [ ]
    },
    "type" : "string",
    "isList" : false,
    "twoWayBinding" : false,
    "saveInPhonegap" : false
  },
  "loginAction" : {
    "_id" : "wm-loginAction-wm.LoginVariable-1745305809358",
    "name" : "loginAction",
    "owner" : "App",
    "category" : "wm.LoginVariable",
    "dataBinding" : [ ],
    "dataSet" : { },
    "type" : "string",
    "saveInPhonegap" : false,
    "startUpdate" : false,
    "autoUpdate" : false,
    "inFlightBehavior" : "executeLast",
    "transformationRequired" : false,
    "useDefaultSuccessHandler" : true
  },
  "logoutAction" : {
    "_id" : "wm-logoutAction-wm.LogoutVariable-1745305809358",
    "name" : "logoutAction",
    "owner" : "App",
    "category" : "wm.LogoutVariable",
    "type" : "string",
    "saveInPhonegap" : false,
    "inFlightBehavior" : "executeLast",
    "transformationRequired" : false,
    "redirectTo" : "Login",
    "useDefaultSuccessHandler" : true
  },
  "Menu" : {
    "_id" : "wm-Menu-wm.Variable-1734675962263",
    "name" : "Menu",
    "owner" : "App",
    "category" : "wm.Variable",
    "dataBinding" : [ ],
    "dataSet" : [ {
      "mylabel" : "KEY_1",
      "icon" : "glyphicon glyphicon-home",
      "link" : "https://docs.wavemaker.com/learn/",
      "SubActions" : [ {
        "mylabel" : "Container1",
        "icon" : "wm-sl-l sl-home-2",
        "link" : "https://docs.wavemaker.com/learn/"
      }, {
        "mylabel" : "Container2",
        "icon" : "wm-sl-l sl-home-2",
        "Link" : "https://docs.wavemaker.com/learn/"
      } ]
    }, {
      "mylabel" : "KEY_2",
      "icon" : "glyphicon glyphicon-user",
      "link" : "",
      "SubActions" : [ {
        "mylabel" : "dialog1",
        "icon" : "wm-sl-l sl-home-2",
        "link" : "https://docs.wavemaker.com/learn/"
      }, {
        "mylabel" : "dialog2",
        "icon" : "wm-sl-l sl-home-2",
        "link" : "https://docs.wavemaker.com/learn/"
      } ]
    } ],
    "type" : "entry",
    "isList" : true,
    "twoWayBinding" : false,
    "saveInPhonegap" : false
  },
  "NavDataset" : {
    "_id" : "wm-NavDataset-wm.Variable-1739780816838",
    "name" : "NavDataset",
    "owner" : "App",
    "category" : "wm.Variable",
    "dataBinding" : [ ],
    "dataSet" : [ {
      "label" : "Charts",
      "Icon" : "wm-sl-l sl-home-2",
      "Link" : "#StaticCarouselPage",
      "Hint" : "Hint",
      "SubActions" : [ {
        "label" : "Chart1",
        "Icon" : "wm-sl-l sl-home-2",
        "Link" : "https://docs.wavemaker.com/learn/",
        "Hint" : "Hint"
      }, {
        "label" : "Chart2",
        "Icon" : "wm-sl-l sl-home-2",
        "Link" : "",
        "Hint" : "Hint"
      } ]
    }, {
      "label" : "Dialogs",
      "Icon" : "wm-sl-l sl-home-2",
      "Link" : "#StaticCarouselPage",
      "Hint" : "Hint",
      "SubActions" : [ {
        "label" : "Dialog1",
        "Icon" : "wm-sl-l sl-home-2",
        "Link" : "https://docs.wavemaker.com/learn/",
        "Hint" : "Hint"
      }, {
        "label" : "Dialog2",
        "Icon" : "wm-sl-l sl-home-2",
        "Link" : "",
        "Hint" : "Hint"
      } ]
    }, {
      "label" : "Container",
      "Icon" : "wm-sl-l sl-home-2",
      "Link" : "#StaticCarouselPage",
      "Hint" : "Hint",
      "SubActions" : [ {
        "label" : "Container1",
        "Icon" : "wm-sl-l sl-home-2",
        "Link" : "https://docs.wavemaker.com/learn/",
        "Hint" : "Hint"
      }, {
        "label" : "Container2",
        "Icon" : "wm-sl-l sl-home-2",
        "Link" : "",
        "Hint" : "Hint"
      } ]
    } ],
    "type" : "entry",
    "isList" : true,
    "twoWayBinding" : false,
    "saveInPhonegap" : false
  },
  "NoDataChartDataset" : {
    "_id" : "wm-NoDataChartDataset-wm.ServiceVariable-1738572571434",
    "name" : "NoDataChartDataset",
    "owner" : "App",
    "category" : "wm.ServiceVariable",
    "dataBinding" : [ {
      "target" : "deptId",
      "value" : "1000",
      "type" : "integer"
    } ],
    "type" : "com.widgetslocalization.hrdb.models.query.NoDataChartDatasetResponse",
    "service" : "hrdb",
    "operation" : "executeNoDataChartDataset",
    "operationId" : "QueryExecutionController_executeNoDataChartDataset",
    "operationType" : "get",
    "serviceType" : "DataService",
    "dataSet" : [ ],
    "isList" : true,
    "maxResults" : 20,
    "startUpdate" : true,
    "autoUpdate" : true,
    "inFlightBehavior" : "executeLast",
    "transformationRequired" : false,
    "saveInPhonegap" : false,
    "controller" : "QueryExecution"
  },
  "Selectwidget" : {
    "_id" : "wm-Selectwidget-wm.Variable-1734937050732",
    "name" : "Selectwidget",
    "owner" : "App",
    "category" : "wm.Variable",
    "dataBinding" : [ ],
    "dataSet" : [ {
      "name" : "English",
      "dataValue" : "en"
    }, {
      "name" : "ఆంగ్లము",
      "dataValue" : "te"
    }, {
      "name" : "अंग्रेज़ी",
      "dataValue" : "hi"
    }, {
      "name" : "anglais",
      "dataValue" : "fr"
    }, {
      "name" : "inglés",
      "dataValue" : "es"
    }, {
      "name" : "Englisch",
      "dataValue" : "de"
    }, {
      "name" : "الإنجليزية",
      "dataValue" : "ar"
    }, {
      "name" : "Engels",
      "dataValue" : "af"
    } ],
    "type" : "entry",
    "isList" : true,
    "twoWayBinding" : false,
    "saveInPhonegap" : false
  },
  "staticVariable1" : {
    "_id" : "wm-staticVariable1-wm.Variable-1734940021038",
    "name" : "staticVariable1",
    "owner" : "App",
    "category" : "wm.Variable",
    "dataBinding" : [ ],
    "dataSet" : [ {
      "label" : "Main Page",
      "icon" : "glyphicon glyphicon-home",
      "link" : "#/Main",
      "id" : "Main",
      "children" : [ {
        "label" : "First Page",
        "icon" : "wi wi-ellipsis-v",
        "link" : "#/Page1",
        "id" : "Page1"
      } ]
    }, {
      "label" : "Page2",
      "id" : "Page2",
      "icon" : "wi wi-euro-symbol",
      "link" : "#/Page2"
    } ],
    "type" : "entry",
    "isList" : true,
    "twoWayBinding" : false,
    "saveInPhonegap" : false
  },
  "staticVariable2" : {
    "_id" : "wm-staticVariable2-wm.Variable-1739945149443",
    "name" : "staticVariable2",
    "owner" : "App",
    "category" : "wm.Variable",
    "dataBinding" : [ ],
    "dataSet" : [ {
      "label" : "BreadcrumbPage Page",
      "icon" : "glyphicon glyphicon-home",
      "link" : "#/Main",
      "id" : "BreadcrumbPage",
      "children" : [ {
        "label" : "First Page",
        "icon" : "wi wi-ellipsis-v",
        "link" : "#/Main",
        "id" : "Main",
        "children" : [ {
          "label" : "Sub Page1",
          "id" : "subPage11",
          "icon" : "wi wi-euro-symbol"
        }, {
          "label" : "Sub Page2",
          "id" : "subPage12",
          "icon" : "wi wi-euro-symbol",
          "link" : "#/dialogsPage"
        } ]
      } ]
    }, {
      "label" : "cardsPage",
      "id" : "cardsPage",
      "icon" : "wi wi-euro-symbol",
      "link" : "#/cardsPage"
    } ],
    "type" : "entry",
    "isList" : true,
    "twoWayBinding" : false,
    "saveInPhonegap" : false
  },
  "staticVariable3" : {
    "_id" : "wm-staticVariable3-wm.Variable-1745232571639",
    "name" : "staticVariable3",
    "owner" : "App",
    "category" : "wm.Variable",
    "dataBinding" : [ ],
    "dataSet" : {
      "label" : "Page1 Page",
      "icon" : "glyphicon glyphicon-home",
      "link" : "#/Page1",
      "id" : "Page1",
      "children" : [ {
        "label" : "Page2 Page",
        "icon" : "wi wi-ellipsis-v",
        "link" : "#/Page2",
        "id" : "Page2"
      }, {
        "label" : "Sub Page2",
        "id" : "Page3",
        "icon" : "wi wi-euro-symbol",
        "link" : "#/Page3"
      } ]
    },
    "type" : "entry",
    "isList" : false,
    "twoWayBinding" : false,
    "saveInPhonegap" : false
  },
  "supportedLocale" : {
    "_id" : "wm-wm.Variable1402640443182",
    "name" : "supportedLocale",
    "owner" : "App",
    "category" : "wm.Variable",
    "dataBinding" : [ ],
    "dataSet" : {
      "af" : "Afrikaans",
      "ar" : "العربية",
      "de" : "Deutsch",
      "en" : "English",
      "es" : "español",
      "fr" : "français",
      "hi" : "हिंदी",
      "te" : "తెలుగు"
    },
    "type" : "string",
    "isList" : false,
    "twoWayBinding" : false,
    "saveInPhonegap" : false
  },
  "ToastActionCheck" : {
    "_id" : "wm-ToastActionCheck-wm.NotificationVariable-1734584453990",
    "name" : "ToastActionCheck",
    "owner" : "App",
    "category" : "wm.NotificationVariable",
    "dataBinding" : [ {
      "target" : "content",
      "value" : "inline",
      "type" : "string"
    }, {
      "target" : "text",
      "value" : "bind:appLocale.A_ToasterNotification",
      "type" : "string"
    }, {
      "target" : "duration",
      "value" : "bind:appLocale.A_Duration",
      "type" : "number"
    }, {
      "target" : "class",
      "value" : "bind:appLocale.A_ActionTypes",
      "type" : "string"
    }, {
      "target" : "toasterPosition",
      "value" : "bind:appLocale.A_Toasterposition",
      "type" : "string"
    } ],
    "operation" : "toast"
  },
  "ToastError" : {
    "_id" : "wm-Toasterror-wm.NotificationVariable-1734333487165",
    "name" : "ToastError",
    "owner" : "App",
    "category" : "wm.NotificationVariable",
    "dataBinding" : [ {
      "target" : "content",
      "value" : "inline",
      "type" : "string"
    }, {
      "target" : "text",
      "value" : "bind:appLocale.A_ToasterNotification",
      "type" : "string"
    }, {
      "target" : "duration",
      "value" : "15000",
      "type" : "number"
    }, {
      "target" : "class",
      "value" : "Error",
      "type" : "string"
    }, {
      "target" : "toasterPosition",
      "value" : "bind:appLocale.A_Toasterposition",
      "type" : "string"
    } ],
    "operation" : "toast",
    "dataSet" : [ ]
  },
  "ToastInfo" : {
    "_id" : "wm-ToastInfoo-wm.NotificationVariable-1734350665470",
    "name" : "ToastInfo",
    "owner" : "App",
    "category" : "wm.NotificationVariable",
    "dataBinding" : [ {
      "target" : "content",
      "value" : "inline",
      "type" : "string"
    }, {
      "target" : "text",
      "value" : "bind:appLocale.A_ToasterNotification",
      "type" : "string"
    }, {
      "target" : "duration",
      "value" : "15000",
      "type" : "number"
    }, {
      "target" : "class",
      "value" : "Info",
      "type" : "string"
    }, {
      "target" : "toasterPosition",
      "value" : "bind:appLocale.A_Toasterposition",
      "type" : "string"
    } ],
    "operation" : "toast"
  },
  "ToastSuccess" : {
    "_id" : "wm-ToastSuccess-wm.NotificationVariable-1734333396321",
    "name" : "ToastSuccess",
    "owner" : "App",
    "category" : "wm.NotificationVariable",
    "dataBinding" : [ {
      "target" : "content",
      "value" : "inline",
      "type" : "string"
    }, {
      "target" : "text",
      "value" : "bind:appLocale.A_ToasterNotification",
      "type" : "string"
    }, {
      "target" : "duration",
      "value" : "15000",
      "type" : "number"
    }, {
      "target" : "class",
      "value" : "Success",
      "type" : "string"
    }, {
      "target" : "toasterPosition",
      "value" : "bind:appLocale.A_Toasterposition",
      "type" : "string"
    } ],
    "operation" : "toast"
  },
  "ToastWarning" : {
    "_id" : "wm-Toastwarning-wm.NotificationVariable-1734333447447",
    "name" : "ToastWarning",
    "owner" : "App",
    "category" : "wm.NotificationVariable",
    "dataBinding" : [ {
      "target" : "content",
      "value" : "inline",
      "type" : "string"
    }, {
      "target" : "text",
      "value" : "bind:appLocale.A_ToasterNotification",
      "type" : "string"
    }, {
      "target" : "duration",
      "value" : "15000",
      "type" : "number"
    }, {
      "target" : "class",
      "value" : "Warning",
      "type" : "string"
    }, {
      "target" : "toasterPosition",
      "value" : "bind:appLocale.A_Toasterposition",
      "type" : "string"
    } ],
    "operation" : "toast"
  }
}
