{
  "migrationTaskDetailsList" : [ {
    "onReleaseVersion" : "11.9",
    "migrationVersion" : 119.02,
    "migrationMessages" : [ {
      "msg" : "Deleted Dockerfile.build file",
      "args" : [ ]
    }, {
      "msg" : "Updated Dockerfile which simplifies WaveMaker App Docker Image creation",
      "args" : [ ]
    } ]
  }, {
    "onReleaseVersion" : "11.9",
    "migrationVersion" : 119.03,
    "migrationMessages" : [ {
      "msg" : "Added languageBundleSources and serviceDefSources property with value as STATIC in .wmproject.properties",
      "args" : [ ]
    }, {
      "msg" : "Added app.apiUrl property in app.properties and made it configurable from all profile property files with empty value as default",
      "args" : [ ]
    } ]
  }, {
    "onReleaseVersion" : "11.9",
    "migrationVersion" : 119.04,
    "migrationMessages" : [ {
      "msg" : "Added default wizard action markup for existing wm-wizard widget in {} Page(s)",
      "args" : [ 1 ]
    } ]
  }, {
    "onReleaseVersion" : "11.9",
    "migrationVersion" : 119.05,
    "migrationMessages" : [ {
      "msg" : "Migrated authProviders configuration from map to list format in auth-info.json file",
      "args" : [ ]
    } ]
  }, {
    "onReleaseVersion" : "11.9",
    "migrationVersion" : 119.06,
    "migrationMessages" : [ ]
  }, {
    "onReleaseVersion" : "11.9",
    "migrationVersion" : 119.072,
    "migrationMessages" : [ {
      "msg" : "Updated ui-build.js and build.xml files",
      "args" : [ ]
    } ]
  }, {
    "onReleaseVersion" : "11.10",
    "migrationVersion" : 1110.01,
    "migrationMessages" : [ ]
  }, {
    "onReleaseVersion" : "11.10",
    "migrationVersion" : 1110.02,
    "migrationMessages" : [ {
      "msg" : "Updated optimizeUIBuild default value to false in build.xml file",
      "args" : [ ]
    } ]
  }, {
    "onReleaseVersion" : "11.10",
    "migrationVersion" : 1110.03,
    "migrationMessages" : [ {
      "msg" : "Updated apache http logger package from org.apache.http.client to org.apache.hc.client5 in log4j2.xml",
      "args" : [ ]
    } ]
  }, {
    "onReleaseVersion" : "11.10",
    "migrationVersion" : 1110.04,
    "migrationMessages" : [ ]
  }, {
    "onReleaseVersion" : "11.10",
    "migrationVersion" : 1110.05,
    "migrationMessages" : [ {
      "msg" : "Updated ui-build.js file with fixes supporting concurrent builds",
      "args" : [ ]
    } ]
  } ]
}
