{
  "staticTree" : {
    "_id" : "wm-staticTree-wm.Variable-1734419815330",
    "name" : "staticTree",
    "owner" : "Page",
    "category" : "wm.Variable",
    "dataBinding" : [ ],
    "dataSet" : [ {
      "label" : "item1",
      "icon" : "fa fa-align-left"
    }, {
      "label" : "item2",
      "icon" : "glyphicon glyphicon-music",
      "children" : [ {
        "label" : "item2.1",
        "icon" : "glyphicon glyphicon-bookmark",
        "children" : [ {
          "label" : "item2.1.1",
          "icon" : "glyphicon glyphicon-headphones",
          "children" : [ {
            "label" : "item2.1.1.1",
            "icon" : "glyphicon glyphicon-euro"
          } ]
        } ]
      } ]
    }, {
      "label" : "item2.2",
      "icon" : "glyphicon glyphicon-euro"
    } ],
    "type" : "entry",
    "isList" : true,
    "twoWayBinding" : false,
    "saveInPhonegap" : false
  }
}
