[ {
  "name" : "AccordionPage",
  "type" : "PAGE",
  "params" : [ ]
}, {
  "name" : "AreaChartPage",
  "type" : "PAGE",
  "params" : [ ]
}, {
  "name" : "AudioPage",
  "type" : "PAGE",
  "params" : [ ]
}, {
  "name" : "BarChartPage",
  "type" : "PAGE",
  "params" : [ ]
}, {
  "name" : "BreadCrumb1",
  "type" : "PAGE",
  "params" : [ ]
}, {
  "name" : "BreadCrumb2",
  "type" : "PAGE",
  "params" : [ ]
}, {
  "name" : "BreadcrumbPage",
  "type" : "PAGE",
  "params" : [ ]
}, {
  "name" : "BubbleChartPage",
  "type" : "PAGE",
  "params" : [ ]
}, {
  "name" : "ButtonPage",
  "type" : "PAGE",
  "params" : [ ]
}, {
  "name" : "ButtongroupPage",
  "type" : "PAGE",
  "params" : [ ]
}, {
  "name" : "CalenderPage",
  "type" : "PAGE",
  "params" : [ ]
}, {
  "name" : "CheckboxPage",
  "type" : "PAGE",
  "params" : [ ]
}, {
  "name" : "CheckboxSetPage",
  "type" : "PAGE",
  "params" : [ ]
}, {
  "name" : "ChipsPage",
  "type" : "PAGE",
  "params" : [ ]
}, {
  "name" : "ColorpickerPage",
  "type" : "PAGE",
  "params" : [ ]
}, {
  "name" : "ColumnChartPage",
  "type" : "PAGE",
  "params" : [ ]
}, {
  "name" : "Common",
  "type" : "PARTIAL",
  "params" : [ ]
}, {
  "name" : "ContainerPage",
  "type" : "PAGE",
  "params" : [ ]
}, {
  "name" : "CumulativeLineChartPage",
  "type" : "PAGE",
  "params" : [ ]
}, {
  "name" : "CurrencyPage",
  "type" : "PAGE",
  "params" : [ ]
}, {
  "name" : "DataTableWithFormAsDialogPage",
  "type" : "PAGE",
  "params" : [ ]
}, {
  "name" : "DataTableWithFormBelowPage",
  "type" : "PAGE",
  "params" : [ ]
}, {
  "name" : "DataTableWithInlineEdit",
  "type" : "PAGE",
  "params" : [ ]
}, {
  "name" : "DataTableWithQuickEdit",
  "type" : "PAGE",
  "params" : [ ]
}, {
  "name" : "DatePage",
  "type" : "PAGE",
  "params" : [ ]
}, {
  "name" : "DateTimePage",
  "type" : "PAGE",
  "params" : [ ]
}, {
  "name" : "DonutChartPage",
  "type" : "PAGE",
  "params" : [ ]
}, {
  "name" : "DropdownMenuPage",
  "type" : "PAGE",
  "params" : [ ]
}, {
  "name" : "DynamicCarouselPage",
  "type" : "PAGE",
  "params" : [ ]
}, {
  "name" : "FileUploadPage",
  "type" : "PAGE",
  "params" : [ ]
}, {
  "name" : "FormPage",
  "type" : "PAGE",
  "params" : [ ]
}, {
  "name" : "HTMLPage",
  "type" : "PAGE",
  "params" : [ ]
}, {
  "name" : "IconPage",
  "type" : "PAGE",
  "params" : [ ]
}, {
  "name" : "IframePage",
  "type" : "PAGE",
  "params" : [ ]
}, {
  "name" : "LabelPage",
  "type" : "PAGE",
  "params" : [ ]
}, {
  "name" : "LineChartsPage",
  "type" : "PAGE",
  "params" : [ ]
}, {
  "name" : "LinechartPage",
  "type" : "PAGE",
  "params" : [ ]
}, {
  "name" : "LiveFilterPage",
  "type" : "PAGE",
  "params" : [ ]
}, {
  "name" : "LiveFormPage",
  "type" : "PAGE",
  "params" : [ ]
}, {
  "name" : "Login",
  "type" : "PAGE",
  "params" : [ ]
}, {
  "name" : "LoginWidgetPage",
  "type" : "PAGE",
  "params" : [ ]
}, {
  "name" : "Main",
  "type" : "PAGE",
  "params" : [ ]
}, {
  "name" : "MarqueePage",
  "type" : "PAGE",
  "params" : [ ]
}, {
  "name" : "MessagePage",
  "type" : "PAGE",
  "params" : [ ]
}, {
  "name" : "NavBarPage",
  "type" : "PAGE",
  "params" : [ ]
}, {
  "name" : "NavPage",
  "type" : "PAGE",
  "params" : [ ]
}, {
  "name" : "NumberPage",
  "type" : "PAGE",
  "params" : [ ]
}, {
  "name" : "PanelPage",
  "type" : "PAGE",
  "params" : [ ]
}, {
  "name" : "PartialPage",
  "type" : "PARTIAL",
  "params" : [ ]
}, {
  "name" : "PicturePage",
  "type" : "PAGE",
  "params" : [ ]
}, {
  "name" : "PieChartPage",
  "type" : "PAGE",
  "params" : [ ]
}, {
  "name" : "PopOverPage",
  "type" : "PAGE",
  "params" : [ ]
}, {
  "name" : "ProgressBarPage",
  "type" : "PAGE",
  "params" : [ ]
}, {
  "name" : "ProgressCircle",
  "type" : "PAGE",
  "params" : [ ]
}, {
  "name" : "RadiosetPage",
  "type" : "PAGE",
  "params" : [ ]
}, {
  "name" : "RatingPage",
  "type" : "PAGE",
  "params" : [ ]
}, {
  "name" : "RichtextEditorPage",
  "type" : "PAGE",
  "params" : [ ]
}, {
  "name" : "SearchPage",
  "type" : "PAGE",
  "params" : [ ]
}, {
  "name" : "SelectPage",
  "type" : "PAGE",
  "params" : [ ]
}, {
  "name" : "SliderPage",
  "type" : "PAGE",
  "params" : [ ]
}, {
  "name" : "SpinnerPage",
  "type" : "PAGE",
  "params" : [ ]
}, {
  "name" : "StaticCarouselPage",
  "type" : "PAGE",
  "params" : [ ]
}, {
  "name" : "SwitchPage",
  "type" : "PAGE",
  "params" : [ ]
}, {
  "name" : "TabsPage",
  "type" : "PAGE",
  "params" : [ ]
}, {
  "name" : "TextPage",
  "type" : "PAGE",
  "params" : [ ]
}, {
  "name" : "TextareaPage",
  "type" : "PAGE",
  "params" : [ ]
}, {
  "name" : "TilePage",
  "type" : "PAGE",
  "params" : [ ]
}, {
  "name" : "TimePage",
  "type" : "PAGE",
  "params" : [ ]
}, {
  "name" : "TogglePage",
  "type" : "PAGE",
  "params" : [ ]
}, {
  "name" : "TreePage",
  "type" : "PAGE",
  "params" : [ ]
}, {
  "name" : "VideoPage",
  "type" : "PAGE",
  "params" : [ ]
}, {
  "name" : "WizardPage",
  "type" : "PAGE",
  "params" : [ ]
}, {
  "name" : "anchorPage",
  "type" : "PAGE",
  "params" : [ ]
}, {
  "name" : "cardsPage",
  "type" : "PAGE",
  "params" : [ ]
}, {
  "name" : "demo",
  "type" : "PAGE",
  "params" : [ ]
}, {
  "name" : "dialogsPage",
  "type" : "PAGE",
  "params" : [ ]
}, {
  "name" : "footer",
  "type" : "FOOTER",
  "params" : [ ]
}, {
  "name" : "header",
  "type" : "HEADER",
  "params" : [ ]
}, {
  "name" : "leftnav",
  "type" : "LEFTNAV",
  "params" : [ ]
}, {
  "name" : "listPage",
  "type" : "PAGE",
  "params" : [ ]
}, {
  "name" : "partial1",
  "type" : "PARTIAL",
  "params" : [ ]
}, {
  "name" : "partial2",
  "type" : "PARTIAL",
  "params" : [ ]
}, {
  "name" : "pnaeltest",
  "type" : "PAGE",
  "params" : [ ]
}, {
  "name" : "rightnav",
  "type" : "RIGHTNAV",
  "params" : [ ]
}, {
  "name" : "testCalender",
  "type" : "PAGE",
  "params" : [ ]
}, {
  "name" : "testForm",
  "type" : "PAGE",
  "params" : [ ]
}, {
  "name" : "testTextarea",
  "type" : "PAGE",
  "params" : [ ]
}, {
  "name" : "testpartial",
  "type" : "PARTIAL",
  "params" : [ ]
}, {
  "name" : "testpopover",
  "type" : "PAGE",
  "params" : [ ]
}, {
  "name" : "testswitch",
  "type" : "PAGE",
  "params" : [ ]
}, {
  "name" : "topnav",
  "type" : "TOPNAV",
  "params" : [ ]
} ]
