{
  "DbscenariosAllTypesData1" : {
    "_id" : "wm-DbscenariosAllTypesData1-wm.LiveVariable-1745297072760",
    "name" : "DbscenariosAllTypesData1",
    "owner" : "Page",
    "category" : "wm.LiveVariable",
    "dataBinding" : [ ],
    "operation" : "read",
    "dataSet" : [ ],
    "type" : "AllTypes",
    "isList" : true,
    "saveInPhonegap" : false,
    "maxResults" : 5,
    "designMaxResults" : 5,
    "inFlightBehavior" : "executeLast",
    "startUpdate" : true,
    "autoUpdate" : true,
    "transformationRequired" : false,
    "liveSource" : "dbscenarios",
    "ignoreCase" : true,
    "matchMode" : "startignorecase",
    "orderBy" : "pkId desc",
    "propertiesMap" : {
      "columns" : [ {
        "fieldName" : "pkId",
        "type" : "integer",
        "fullyQualifiedType" : "integer",
        "columnName" : "PK ID",
        "isPrimaryKey" : true,
        "notNull" : true,
        "length" : 0,
        "precision" : 10,
        "generator" : "identity",
        "isRelated" : false,
        "scale" : 0
      }, {
        "fieldName" : "byteCol",
        "type" : "short",
        "fullyQualifiedType" : "short",
        "columnName" : "BYTE COL",
        "isPrimaryKey" : false,
        "notNull" : false,
        "length" : 0,
        "precision" : 5,
        "generator" : "assigned",
        "isRelated" : false,
        "scale" : 0
      }, {
        "fieldName" : "shortCol",
        "type" : "short",
        "fullyQualifiedType" : "short",
        "columnName" : "SHORT COL",
        "isPrimaryKey" : false,
        "notNull" : false,
        "length" : 0,
        "precision" : 5,
        "generator" : "assigned",
        "isRelated" : false,
        "scale" : 0
      }, {
        "fieldName" : "intCol",
        "type" : "integer",
        "fullyQualifiedType" : "integer",
        "columnName" : "INT COL",
        "isPrimaryKey" : false,
        "notNull" : false,
        "length" : 0,
        "precision" : 10,
        "generator" : "assigned",
        "isRelated" : false,
        "scale" : 0
      }, {
        "fieldName" : "longCol",
        "type" : "long",
        "fullyQualifiedType" : "long",
        "columnName" : "LONG COL",
        "isPrimaryKey" : false,
        "notNull" : false,
        "length" : 0,
        "precision" : 19,
        "generator" : "assigned",
        "isRelated" : false,
        "scale" : 0
      }, {
        "fieldName" : "floatCol",
        "type" : "double",
        "fullyQualifiedType" : "double",
        "columnName" : "FLOAT COL",
        "isPrimaryKey" : false,
        "notNull" : false,
        "length" : 0,
        "precision" : 8,
        "generator" : "assigned",
        "isRelated" : false,
        "scale" : 4
      }, {
        "fieldName" : "doubleCol",
        "type" : "big_decimal",
        "fullyQualifiedType" : "big_decimal",
        "columnName" : "DOUBLE COL",
        "isPrimaryKey" : false,
        "notNull" : false,
        "length" : 0,
        "precision" : 18,
        "generator" : "assigned",
        "isRelated" : false,
        "scale" : 8
      }, {
        "fieldName" : "bigdecCol",
        "type" : "big_decimal",
        "fullyQualifiedType" : "big_decimal",
        "columnName" : "BIGDEC COL",
        "isPrimaryKey" : false,
        "notNull" : false,
        "length" : 0,
        "precision" : 35,
        "generator" : "assigned",
        "isRelated" : false,
        "scale" : 15
      }, {
        "fieldName" : "bigintCol",
        "type" : "long",
        "fullyQualifiedType" : "long",
        "columnName" : "BIGINT COL",
        "isPrimaryKey" : false,
        "notNull" : false,
        "length" : 0,
        "precision" : 19,
        "generator" : "assigned",
        "isRelated" : false,
        "scale" : 0
      }, {
        "fieldName" : "charCol",
        "type" : "string",
        "fullyQualifiedType" : "string",
        "columnName" : "CHAR COL",
        "isPrimaryKey" : false,
        "notNull" : false,
        "length" : 1,
        "precision" : 0,
        "generator" : "assigned",
        "isRelated" : false,
        "scale" : 0
      }, {
        "fieldName" : "stringCol",
        "type" : "string",
        "fullyQualifiedType" : "string",
        "columnName" : "STRING COL",
        "isPrimaryKey" : false,
        "notNull" : false,
        "length" : 255,
        "precision" : 0,
        "generator" : "assigned",
        "isRelated" : false,
        "scale" : 0
      }, {
        "fieldName" : "textCol",
        "type" : "text",
        "fullyQualifiedType" : "text",
        "columnName" : "TEXT COL",
        "isPrimaryKey" : false,
        "notNull" : false,
        "length" : 2147483647,
        "precision" : 0,
        "generator" : "assigned",
        "isRelated" : false,
        "scale" : 0
      }, {
        "fieldName" : "clobCol",
        "type" : "text",
        "fullyQualifiedType" : "text",
        "columnName" : "CLOB COL",
        "isPrimaryKey" : false,
        "notNull" : false,
        "length" : 2147483647,
        "precision" : 0,
        "generator" : "assigned",
        "isRelated" : false,
        "scale" : 0
      }, {
        "fieldName" : "dateCol",
        "type" : "date",
        "fullyQualifiedType" : "date",
        "columnName" : "DATE COL",
        "isPrimaryKey" : false,
        "notNull" : false,
        "length" : 0,
        "precision" : 0,
        "generator" : "assigned",
        "isRelated" : false,
        "scale" : 0
      }, {
        "fieldName" : "timeCol",
        "type" : "time",
        "fullyQualifiedType" : "time",
        "columnName" : "TIME COL",
        "isPrimaryKey" : false,
        "notNull" : false,
        "length" : 0,
        "precision" : 0,
        "generator" : "assigned",
        "isRelated" : false,
        "scale" : 0
      }, {
        "fieldName" : "datetimeCol",
        "type" : "datetime",
        "fullyQualifiedType" : "datetime",
        "columnName" : "DATETIME COL",
        "isPrimaryKey" : false,
        "notNull" : false,
        "length" : 0,
        "precision" : 0,
        "generator" : "assigned",
        "isRelated" : false,
        "scale" : 0
      }, {
        "fieldName" : "timestampCol",
        "type" : "timestamp",
        "fullyQualifiedType" : "timestamp",
        "columnName" : "TIMESTAMP COL",
        "isPrimaryKey" : false,
        "notNull" : true,
        "length" : 0,
        "precision" : 0,
        "generator" : "assigned",
        "isRelated" : false,
        "scale" : 0
      }, {
        "fieldName" : "booleanCol",
        "type" : "boolean",
        "fullyQualifiedType" : "boolean",
        "columnName" : "BOOLEAN COL",
        "isPrimaryKey" : false,
        "notNull" : false,
        "length" : 0,
        "precision" : 1,
        "generator" : "assigned",
        "isRelated" : false,
        "scale" : 0
      }, {
        "fieldName" : "blobCol",
        "type" : "blob",
        "fullyQualifiedType" : "blob",
        "columnName" : "BLOB COL",
        "isPrimaryKey" : false,
        "notNull" : false,
        "length" : -1,
        "precision" : 0,
        "generator" : "assigned",
        "isRelated" : false,
        "scale" : 0
      } ],
      "entityName" : "AllTypes",
      "fullyQualifiedName" : "com.widgetslocalization.dbscenarios.AllTypes",
      "tableType" : "TABLE",
      "primaryFields" : [ "pkId" ]
    },
    "isDefault" : true,
    "bindCount" : 1,
    "tableName" : "ALL TYPES",
    "tableType" : "TABLE",
    "properties" : [ ],
    "relatedTables" : [ ],
    "filterFields" : { },
    "filterExpressions" : {
      "condition" : "AND",
      "rules" : [ {
        "target" : "",
        "type" : "string",
        "matchMode" : "anywhereignorecase",
        "value" : "",
        "required" : false
      } ]
    },
    "package" : "com.widgetslocalization.dbscenarios.AllTypes"
  },
  "DbscenariosCreateAllTypes" : {
    "_id" : "wm-DbscenariosCreateAllTypes-wm.ServiceVariable-1735534208133",
    "name" : "DbscenariosCreateAllTypes",
    "owner" : "Page",
    "category" : "wm.ServiceVariable",
    "dataBinding" : [ ],
    "type" : "com.widgetslocalization.dbscenarios.AllTypes",
    "service" : "dbscenarios",
    "operation" : "createAllTypes",
    "operationId" : "AllTypesController_createAllTypes",
    "operationType" : "post",
    "serviceType" : "DataService",
    "dataSet" : [ ],
    "isList" : false,
    "maxResults" : 20,
    "startUpdate" : true,
    "autoUpdate" : true,
    "inFlightBehavior" : "executeLast",
    "transformationRequired" : false,
    "saveInPhonegap" : false,
    "isDefault" : true,
    "controller" : "AllTypes"
  }
}
