{
  "DbscenariosCreateAllTypes" : {
    "_id" : "wm-DbscenariosCreateAllTypes-wm.ServiceVariable-1735534208133",
    "name" : "DbscenariosCreateAllTypes",
    "owner" : "Page",
    "category" : "wm.ServiceVariable",
    "dataBinding" : [ ],
    "type" : "com.widgetslocalization.dbscenarios.AllTypes",
    "service" : "dbscenarios",
    "operation" : "createAllTypes",
    "operationId" : "AllTypesController_createAllTypes",
    "operationType" : "post",
    "serviceType" : "DataService",
    "dataSet" : [ ],
    "isList" : false,
    "maxResults" : 20,
    "startUpdate" : true,
    "autoUpdate" : true,
    "inFlightBehavior" : "executeLast",
    "transformationRequired" : false,
    "saveInPhonegap" : false,
    "isDefault" : true,
    "controller" : "AllTypes"
  }
}
