<?xml version="1.0" encoding="utf-8"?>
<!--
      This is a Studio Managed File. DO NOT EDIT THIS FILE. Your changes may be reverted by Studio.
      Use project-user-spring.xml for adding new beans or overriding existing beans.
    -->
<beans xmlns="http://www.springframework.org/schema/beans"
       xmlns:context="http://www.springframework.org/schema/context"
       xmlns:xsi="http://www.w3.org/2001/XMLSchema-instance" xmlns:tx="http://www.springframework.org/schema/tx"
       xsi:schemaLocation="http://www.springframework.org/schema/beans http://www.springframework.org/schema/beans/spring-beans.xsd   http://www.springframework.org/schema/context http://www.springframework.org/schema/context/spring-context.xsd http://www.springframework.org/schema/tx http://www.springframework.org/schema/tx/spring-tx.xsd">

    <context:component-scan base-package="com.widgetslocalization.dbscenarios.controller,com.widgetslocalization.dbscenarios.service,com.widgetslocalization.dbscenarios.dao"/>

    <bean id="dbscenariosHikariConfig" class="com.zaxxer.hikari.HikariConfig">
        <property name="jdbcUrl" value="${db.dbscenarios.url}"/>
        <property name="driverClassName" value="${db.dbscenarios.driverClass}"/>
        <property name="username" value="${db.dbscenarios.username}"/>
        <property name="password" value="${db.dbscenarios.password}"/>
        <property name="maximumPoolSize" value="${db.dbscenarios.maxPoolSize}"/>
        <property name="minimumIdle" value="${db.dbscenarios.minPoolSize}"/>
        <property name="connectionTimeout" value="30000" />
        <property name="validationTimeout" value="5000" />
        <property name="idleTimeout" value="600000" />
        <property name="maxLifetime" value="1800000" />
        <property name="initializationFailTimeout" value="-1" />
        <property name="leakDetectionThreshold" value="120000" />
        <property name="registerMbeans" value="false" />
    </bean>

    <bean id="dbscenariosWMManagedDataSource" class="com.zaxxer.hikari.HikariDataSource" destroy-method="close" lazy-init="true">
        <constructor-arg ref="dbscenariosHikariConfig"/>
    </bean>

    <bean id="dbscenariosEntityInterceptor" class="com.wavemaker.runtime.data.interceptors.WMEntityInterceptor"/>

    <bean id="dbscenariosSessionFactory" class="org.springframework.orm.hibernate5.LocalSessionFactoryBean">
        <property name="dataSource" ref="dbscenariosDataSource"/>
        <property name="packagesToScan" value="com.widgetslocalization.dbscenarios"/>
        <property name="entityInterceptor" ref="dbscenariosEntityInterceptor"/>
        <property name="entityTypeFilters" ref="nonHistoryEntitiesFilter"/>
        <property name="mappingResources">
            <list>
                <value>
                dbscenarios-queries.hbm.xml
                </value>
            </list>
        </property>

        <property name="hibernateProperties" ref="dbscenariosHibernateProperties"/>
    </bean>
    <bean id="dbscenariosTransactionManager" class="org.springframework.orm.hibernate5.HibernateTransactionManager">
        <property name="sessionFactory" ref="dbscenariosSessionFactory"/>
        <property name="defaultTimeout" value="${db.dbscenarios.transactionTimeout}"/>
    </bean>
    <bean id="dbscenariosTemplate" class="org.springframework.orm.hibernate5.HibernateTemplate">
        <property name="sessionFactory" ref="dbscenariosSessionFactory"/>
    </bean>
    
    <bean id="dbscenariosWMQLTypeHelper" class="com.wavemaker.runtime.data.dao.query.types.wmql.WMQLDefaultTypeHelper" lazy-init="false" />
    
    <bean id="dbscenariosWMQueryExecutor" class="com.wavemaker.runtime.data.dao.query.WMQueryExecutorImpl">
        <property name="template" ref="dbscenariosTemplate"/>
    </bean>
    <bean id="dbscenariosWMProcedureExecutor" class="com.wavemaker.runtime.data.dao.procedure.WMProcedureExecutorImpl">
        <property name="template" ref="dbscenariosTemplate"/>
        <property name="serviceId" value="dbscenarios"/>
    </bean>

    <bean id="dbscenariosHibernateProperties" class="org.springframework.beans.factory.config.PropertiesFactoryBean">
        <property name="properties">
            <props>
                <prop key="hibernate.dialect">
                ${db.dbscenarios.dialect}
                </prop>
                <prop key="hibernate.show_sql">
                    false
                </prop>
                <prop key="hibernate.globally_quoted_identifiers">
                    false
                </prop>
                <prop key="hibernate.hbm2ddl.auto">
                ${db.dbscenarios.hbm2ddl}
                </prop>
                <prop key="hibernate.temp.use_jdbc_metadata_defaults">
                    false
                </prop>
                <prop key="hibernate.schema_update.unique_constraint_strategy">
                    skip
                </prop>
            </props>
        </property>
    </bean>

    <bean id="dbscenariosPageableHandlerMethodResolver" class="com.wavemaker.runtime.resolver.WMPageableHandlerMethodArgumentResolver" >
        <property name="pageParameterName" value="page"/>
        <property name="sizeParameterName" value="size"/>
        <property name="oneIndexedParameters" value="true"/>
        <property name="maxPageSize" value="${db.dbscenarios.maxPageSize}"/>
    </bean>

    <bean id="dbscenariosDataSource" class="com.wavemaker.runtime.data.datasource.WMDataSource">
        <property name="dataSourceType" value="${db.dbscenarios.dataSourceType}"/>
        <property name="jndiName" value="${db.dbscenarios.jndiName}"/>
        <property name="serviceId" value="dbscenarios"/>
    </bean>


    <tx:annotation-driven/>

</beans>

